,/amdcpu/0/load/1,/amdcpu/0/load/2,/amdcpu/0/load/3,/amdcpu/0/load/4,/amdcpu/0/load/0,/amdcpu/0/clock/1,/amdcpu/0/clock/2,/amdcpu/0/clock/3,/amdcpu/0/clock/4,/amdcpu/0/clock/0,/ram/load/0,/ram/data/0,/ram/data/1,/atigpu/0/temperature/0,/atigpu/0/fan/0,/atigpu/0/control/0,/atigpu/0/load/0,/atigpu/2/temperature/0,/atigpu/2/clock/0,/atigpu/2/clock/1,/atigpu/2/load/0,/hdd/0/temperature/0,/hdd/0/load/0
Time,"CPU Core #1","CPU Core #2","CPU Core #3","CPU Core #4","CPU Total","CPU Core #1","CPU Core #2","CPU Core #3","CPU Core #4","Bus Speed","Memory","Used Memory","Available Memory","GPU Core","GPU Fan","GPU Fan","GPU Core","GPU Core","GPU Core","GPU Memory","GPU Core","Temperature","Used Space"
10/24/2021 17:53:30,25,26.5625,15.625,18.75,21.484375,1796.62646,1796.62646,1796.62646,1796.62646,199.625153,61.00884,4.24521637,2.71314621,0,0,20,0,40,348.5,771.73,4,40,48.73516
10/24/2021 17:53:31,56.25,31.25,32.8125,31.25,37.890625,1796.62708,1796.62708,1796.62708,1796.62708,199.625229,61.02518,4.246353,2.71200943,0,0,20,0,40,345.44,780.48,3,40,48.73516
10/24/2021 17:53:32,49.2307663,41.53846,44.6153831,36.9230728,43.07692,1796.62549,1796.62549,1796.62549,1796.62549,199.625046,61.027916,4.246544,2.7118187,0,0,20,0,40,359.31,805.13,4,40,48.73516
10/24/2021 17:53:33,35.384613,39.9999962,32.30769,23.0769215,32.6923065,1796.62671,1796.62671,1796.62671,1796.62671,199.625183,61.0252838,4.246361,2.7120018,0,0,20,0,40,353.509979,780.45,3,40,48.73516
10/24/2021 17:53:34,34.375,34.375,26.5625,17.1875,28.125,1796.62683,1796.62683,1796.62683,1796.62683,199.6252,61.0289078,4.24661255,2.71175,0,0,20,0,40,343.539978,777.05,3,40,48.73516
10/24/2021 17:53:35,60.9375,57.8125,48.4375,53.125,55.078125,1796.62622,1796.62622,1796.62622,1796.62622,199.625137,61.082634,4.250351,2.70801163,0,0,20,0,40,351.039978,875.82,4,40,48.73516
10/24/2021 17:53:36,35.9375,40.625,40.625,34.375,37.890625,1796.62585,1796.62585,1796.62585,1796.62585,199.625092,61.13142,4.253746,2.70461655,0,0,20,0,40,352.63,801.029968,3,40,48.73516
10/24/2021 17:53:37,29.6875,37.5,29.6875,21.875,29.6875,1796.626,1796.626,1796.626,1796.626,199.6251,61.1724854,4.25660324,2.70175934,0,0,20,0,39,349.449982,767.829956,3,40,48.73516
10/24/2021 17:53:38,29.6875,25,29.6875,23.4375,26.953125,1796.62585,1796.62585,1796.62585,1796.62585,199.6251,61.17342,4.256668,2.70169449,0,0,20,0,39,348.539978,753.79,3,40,48.73516
10/24/2021 17:53:39,37.5,26.5625,29.6875,29.6875,30.859375,1796.62683,1796.62683,1796.62683,1796.62683,199.625214,61.07945,4.2501297,2.70823288,0,0,20,0,39,343.419983,746.35,3,40,48.73516
10/24/2021 17:53:40,50.68493,41.09589,41.09589,43.8356171,44.17808,1796.62634,1796.62634,1796.62634,1796.62634,199.625153,61.1785126,4.257023,2.70133972,0,0,20,0,39,367.18,835.24,5,40,48.73516
10/24/2021 17:53:41,39.2857132,41.0714264,28.5714264,28.5714264,34.375,1796.62573,1796.62573,1796.62573,1796.62573,199.625076,61.1476479,4.254875,2.7034874,0,0,20,0,39,355.35,784.26,4,40,48.73516
10/24/2021 17:53:42,27.6923065,21.53846,21.53846,19.9999981,22.6923046,1796.62708,1796.62708,1796.62708,1796.62708,199.625229,61.1502266,4.25505447,2.703308,0,0,20,0,39,356.47,777.639954,4,40,48.73516
10/24/2021 17:53:43,19.9999981,23.0769215,18.4615364,10.76923,18.07692,1796.62622,1796.62622,1796.62622,1796.62622,199.625137,61.11788,4.252804,2.70555878,0,0,20,0,39,343.28,764.36,3,40,48.73516
10/24/2021 17:53:44,45.4545441,43.18182,40.9090919,40.9090919,42.613636,1796.62878,1796.62878,1796.62878,1796.62878,199.625427,61.12342,4.253189,2.70517349,0,0,20,0,39,343.52,790.8,3,40,48.73516
10/24/2021 17:53:45,78.125,75,76.5625,71.875,75.390625,1796.62683,1796.62683,1796.62683,1796.62683,199.6252,61.2120132,4.25935364,2.699009,0,0,20,0,39,365.009979,894.199951,4,40,48.73516
10/24/2021 17:53:46,55.76923,51.9230766,50,42.3076935,50,1796.625,1796.625,1796.625,1796.625,199.625,61.1966057,4.25828171,2.70008087,0,0,20,0,39,353.84,864.459961,4,40,48.73516
10/24/2021 17:53:47,60.9375,45.3125,56.25,48.4375,52.734375,1796.62549,1796.62549,1796.62549,1796.62549,199.625046,61.26535,4.26306534,2.69529724,0,0,20,0,39,359.68,867.5,4,40,48.73516
10/24/2021 17:53:48,34.375,31.25,18.75,17.1875,25.390625,1796.62549,1796.62549,1796.62549,1796.62549,199.625061,61.31749,4.266693,2.69166946,0,0,20,0,39,347.81,809.76,3,40,48.73516
10/24/2021 17:53:49,58.4615364,33.8461533,47.6923065,35.384613,43.84615,1796.62732,1796.62732,1796.62732,1796.62732,199.625259,61.2493973,4.26195526,2.69640732,0,0,20,0,39,345.53,822.149963,3,40,48.73516
10/24/2021 17:53:50,37.5,40.625,23.4375,21.875,30.859375,1796.6261,1796.6261,1796.6261,1796.6261,199.625122,61.26979,4.26337433,2.69498825,0,0,20,0,39,341.94,793.5,3,40,48.73516
10/24/2021 17:53:51,51.5625,39.0625,32.8125,35.9375,39.84375,1796.6261,1796.6261,1796.6261,1796.6261,199.625122,61.2924347,4.26495,2.69341278,0,0,20,0,39,366.69,824.43,4,40,48.73516
10/24/2021 17:53:52,56.25,46.875,46.875,42.1875,48.046875,1796.62683,1796.62683,1796.62683,1796.62683,199.6252,61.29435,4.26508331,2.69327927,0,0,20,0,38,378.13,807.76,5,40,48.73516
10/24/2021 17:53:53,48.4375,67.1875,51.5625,40.625,51.953125,1796.62585,1796.62585,1796.62585,1796.62585,199.625092,61.23937,4.261257,2.69710541,0,0,20,0,38,374.62,836.579956,6,40,48.73516
10/24/2021 17:53:54,62.5,62.5,40.625,48.4375,53.515625,1796.62585,1796.62585,1796.62585,1796.62585,199.6251,61.2788963,4.26400757,2.694355,0,0,20,0,38,383.58,864.57,6,41,48.7352448
10/24/2021 17:53:55,75,76.5625,75,78.125,76.171875,1796.62646,1796.62646,1796.62646,1796.62646,199.625168,61.2139854,4.259491,2.69887161,0,0,20,0,38,403.949982,907.949951,8,41,48.7352448
10/24/2021 17:53:56,96.875,98.4375,98.4375,100,98.4375,1796.62549,1796.62549,1796.62549,1796.62549,199.625061,61.35142,4.26905441,2.68930817,0,0,20,0,38,432,923.829956,13,41,48.7352448
10/24/2021 17:53:57,86.15385,90.76923,84.61539,89.23077,87.69231,1796.62671,1796.62671,1796.62671,1796.62671,199.625183,61.5656662,4.28396225,2.67440033,0,0,20,0,38,463.699982,905.31,15,41,48.7352448
10/24/2021 17:53:58,57.8125,57.8125,46.875,57.8125,55.078125,1796.6272,1796.6272,1796.6272,1796.6272,199.625244,61.43212,4.27466965,2.683693,0,0,20,0,38,428.44,873.269958,14,41,48.7352448
10/24/2021 17:53:59,61.53846,60.0000038,58.4615364,63.0769272,60.76923,1796.62537,1796.62537,1796.62537,1796.62537,199.625031,61.51156,4.280197,2.67816544,0,0,20,0,38,447.99,875.93,18,41,48.7352448
10/24/2021 17:54:00,73.8461456,72.30769,73.8461456,66.15385,71.53846,1796.62622,1796.62622,1796.62622,1796.62622,199.625137,61.5630341,4.283779,2.67458344,0,0,20,0,38,426.069977,885.779968,15,41,48.7352448
10/24/2021 17:54:01,35.384613,41.53846,30.76923,29.2307682,34.23077,1796.62634,1796.62634,1796.62634,1796.62634,199.625137,61.5478477,4.28272247,2.67564,0,0,20,0,38,415.83,805.769958,13,41,48.7352448
10/24/2021 17:54:02,56.25,46.875,51.5625,50,51.171875,1796.62585,1796.62585,1796.62585,1796.62585,199.625092,61.5439,4.282448,2.67591476,0,0,20,0,38,435.9,805.51,17,41,48.7352448
10/24/2021 17:54:03,43.07692,43.07692,36.9230728,29.2307682,38.07692,1796.62671,1796.62671,1796.62671,1796.62671,199.625183,61.5459862,4.282593,2.67576981,0,0,20,0,38,415.699982,805.579956,14,41,48.7352448
10/24/2021 17:54:04,54.6875,48.4375,39.0625,46.875,47.265625,1796.62683,1796.62683,1796.62683,1796.62683,199.6252,61.54741,4.282692,2.67567062,0,0,20,0,38,407.99,856.51,13,41,48.7352448
10/24/2021 17:54:05,56.25,65.625,54.6875,65.625,60.546875,1796.62585,1796.62585,1796.62585,1796.62585,199.625092,61.51304,4.2803,2.67806244,0,0,20,0,38,405.1,904.86,12,41,48.7352448
10/24/2021 17:54:06,57.8125,59.375,62.5,62.5,60.546875,1796.62732,1796.62732,1796.62732,1796.62732,199.625259,61.5881958,4.28553,2.67283249,0,0,20,0,38,407.81,892.19,12,41,48.7352448
10/24/2021 17:54:07,65.625,62.5,60.9375,67.1875,64.0625,1796.62524,1796.62524,1796.62524,1796.62524,199.625031,61.5349655,4.281826,2.67653656,0,0,20,0,38,421.039978,867.94,15,41,48.7352448
10/24/2021 17:54:08,95.3125,92.1875,96.875,92.1875,94.140625,1796.62708,1796.62708,1796.62708,1796.62708,199.625229,61.5252075,4.281147,2.67721558,0,0,20,0,38,421.03,909.16,14,41,48.7352448
10/24/2021 17:54:09,83.8235245,85.29411,83.8235245,82.35294,83.8235245,1796.62671,1796.62671,1796.62671,1796.62671,199.625183,61.46501,4.27695847,2.681404,0,0,20,0,38,436.31,924.69,15,41,48.7352448
10/24/2021 17:54:10,45,58.3333359,56.6666679,63.3333321,55.83333,1796.62573,1796.62573,1796.62573,1796.62573,199.625076,61.49023,4.278713,2.67964935,0,0,20,0,38,394.639984,929.74,9,41,48.7352448
10/24/2021 17:54:11,65.625,57.8125,65.625,71.875,65.234375,1796.626,1796.626,1796.626,1796.626,199.6251,61.4002151,4.27244949,2.685913,0,0,20,0,38,379.85,896.35,7,41,48.7352448
10/24/2021 17:57:22,31.25,31.25,35.9375,29.6875,32.03125,1796.62524,1796.62524,1796.62524,1796.62524,199.625031,60.60415,4.21705627,2.7413063,0,0,20,0,36,391.199982,790.62,10,41,48.7360573
10/24/2021 17:57:23,42.1875,32.8125,29.6875,32.8125,34.375,1796.62646,1796.62646,1796.62646,1796.62646,199.625153,60.60497,4.21711349,2.741249,0,0,20,0,36,391.63,770.44,10,41,48.7360573
10/24/2021 17:57:24,42.1875,29.6875,23.4375,20.3125,28.90625,1796.62659,1796.62659,1796.62659,1796.62659,199.625183,60.59241,4.21624,2.74212265,0,0,20,0,36,391.31,767.61,10,41,48.7360573
10/24/2021 17:57:25,26.5625,45.3125,35.9375,50,39.453125,1796.62463,1796.62463,1796.62463,1796.62463,199.624969,60.59241,4.21624,2.74212265,0,0,20,0,36,386.08,871.99,9,41,48.7360573
10/24/2021 17:57:26,29.6875,35.9375,35.9375,35.9375,34.375,1796.627,1796.627,1796.627,1796.627,199.625229,60.6146164,4.217785,2.7405777,0,0,20,0,36,389.259979,827.829956,10,41,48.7360573
10/24/2021 17:57:27,23.4375,18.75,20.3125,23.4375,21.484375,1796.62671,1796.62671,1796.62671,1796.62671,199.625183,60.658638,4.220848,2.7375145,0,0,20,0,36,389.139984,780.25,10,41,48.7360573
10/24/2021 17:57:28,29.6875,25,21.875,26.5625,25.78125,1796.62524,1796.62524,1796.62524,1796.62524,199.625031,60.6580353,4.220806,2.73755646,0,0,20,0,36,390.13,771.68,10,41,48.7360573
10/24/2021 17:57:29,31.25,25,29.6875,32.8125,29.6875,1796.62744,1796.62744,1796.62744,1796.62744,199.625259,60.65228,4.22040558,2.737957,0,0,20,0,36,396.16,800.339966,10,41,48.7360573
10/24/2021 17:57:30,48.4375,45.3125,37.5,43.75,43.75,1796.62646,1796.62646,1796.62646,1796.62646,199.625168,60.64203,4.219692,2.73867035,0,0,20,0,36,408.039978,782.36,11,41,48.7360573
10/24/2021 17:57:31,34.375,28.125,29.6875,34.375,31.640625,1796.627,1796.627,1796.627,1796.627,199.625214,60.6425247,4.21972656,2.738636,0,0,20,0,36,399.3,760.23,10,41,48.7360573
10/24/2021 17:57:32,28.125,18.75,17.1875,12.5,19.140625,1796.62537,1796.62537,1796.62537,1796.62537,199.625046,60.63956,4.21952057,2.738842,0,0,20,0,36,364.31,734.95,5,41,48.7360573
10/24/2021 17:57:33,18.75,15.625,10.9375,6.25,12.890625,1796.62646,1796.62646,1796.62646,1796.62646,199.625153,60.64258,4.21973038,2.7386322,0,0,20,0,36,347.78,715.01,3,41,48.7360573
10/24/2021 17:57:34,18.4615364,19.9999981,12.3076916,13.8461533,16.1538486,1796.62671,1796.62671,1796.62671,1796.62671,199.625183,60.642086,4.219696,2.73866653,0,0,20,0,36,345.389984,744.62,3,41,48.7360573
10/24/2021 17:57:35,44.6153831,26.1538448,36.9230728,32.30769,34.9999962,1796.62622,1796.62622,1796.62622,1796.62622,199.625137,60.6417542,4.219673,2.73868942,0,0,20,0,36,340.18,863.579956,3,41,48.7360573
10/24/2021 17:57:36,34.375,23.4375,23.4375,31.25,28.125,1796.62634,1796.62634,1796.62634,1796.62634,199.625137,60.6335869,4.219105,2.73925781,0,0,20,0,36,337.97998,769.889954,2,41,48.7360573
10/24/2021 17:57:37,19.9999981,18.4615364,13.8461533,7.69230747,15.0000038,1796.62549,1796.62549,1796.62549,1796.62549,199.625061,60.63523,4.219219,2.73914337,0,0,20,0,36,337.97,740.13,2,41,48.7360573
10/24/2021 17:57:38,12.5,12.5,17.1875,15.625,14.453125,1796.62634,1796.62634,1796.62634,1796.62634,199.625153,60.6349564,4.2192,2.73916245,0,0,20,0,36,336.37,726.76,2,41,48.7360573
10/24/2021 17:57:39,18.75,12.5,23.4375,18.75,18.359375,1796.62646,1796.62646,1796.62646,1796.62646,199.625168,60.6344643,4.219166,2.73919678,0,0,20,0,36,342.6,757.63,3,41,48.7360573
10/24/2021 17:57:40,39.9999962,27.6923065,30.76923,32.30769,32.6923065,1796.62585,1796.62585,1796.62585,1796.62585,199.625092,60.6274452,4.21867752,2.739685,0,0,20,0,36,344.289978,767.41,3,41,48.7360573
10/24/2021 17:57:41,23.4375,21.875,18.75,25,22.265625,1796.627,1796.627,1796.627,1796.627,199.625229,60.60738,4.21728134,2.74108124,0,0,20,0,36,349.87,755.61,3,41,48.7360573
10/24/2021 17:57:42,24.6153831,23.0769215,15.3846149,13.8461533,19.23077,1796.62549,1796.62549,1796.62549,1796.62549,199.625061,60.6156578,4.21785736,2.74050522,0,0,20,0,36,347.66,743.8,3,41,48.7360573
10/24/2021 17:57:43,24.6153831,18.4615364,23.0769215,23.0769215,22.3076878,1796.626,1796.626,1796.626,1796.626,199.6251,60.6157722,4.217865,2.74049759,0,0,20,0,36,345.65,745.16,3,41,48.7360573
10/24/2021 17:57:44,38.80597,31.34328,17.91045,32.8358231,30.2238827,1796.627,1796.627,1796.627,1796.627,199.625214,60.6103935,4.217491,2.74087143,0,0,20,0,36,344.75,789.19,3,41,48.7360573
10/24/2021 17:57:45,41.9354858,48.3871,53.2258034,37.0967751,45.161293,1796.6261,1796.6261,1796.6261,1796.6261,199.625122,60.5687866,4.214596,2.74376678,0,0,20,0,36,343.56,878.93,3,41,48.7360573
10/24/2021 17:57:46,56.25,43.75,43.75,53.125,49.21875,1796.62756,1796.62756,1796.62756,1796.62756,199.62529,60.62827,4.21873474,2.73962784,0,0,20,0,36,365.84,863.459961,5,41,48.7360573
10/24/2021 17:57:47,49.2307663,30.76923,39.9999962,41.53846,40.384613,1796.62451,1796.62451,1796.62451,1796.62451,199.624939,60.63956,4.21952057,2.738842,0,0,20,0,36,354.5,809.18,4,41,48.7360573
10/24/2021 17:57:48,18.4615364,10.76923,15.3846149,6.153846,12.6923027,1796.62708,1796.62708,1796.62708,1796.62708,199.625229,60.6245422,4.21847534,2.73988724,0,0,20,0,36,344.08,736.959961,3,41,48.73605
10/24/2021 17:57:49,24.6153831,15.3846149,12.3076916,13.8461533,16.5384655,1796.627,1796.627,1796.627,1796.627,199.625214,60.6230621,4.21837234,2.73999023,0,0,20,0,36,347.6,728.86,3,41,48.73605
10/24/2021 17:57:50,26.5625,17.1875,6.25,4.6875,13.671875,1796.62683,1796.62683,1796.62683,1796.62683,199.6252,60.6248665,4.218498,2.73986435,0,0,20,0,36,343.68,736.649963,3,41,48.73605
10/24/2021 17:57:51,24.3243217,21.62162,13.5135117,13.5135117,18.24324,1796.62671,1796.62671,1796.62671,1796.62671,199.625183,60.6020622,4.21691132,2.74145126,0,0,20,0,36,345.02,751.18,3,41,48.73605
10/24/2021 17:57:52,21.875,12.5,20.3125,23.4375,19.53125,1796.626,1796.626,1796.626,1796.626,199.6251,60.626297,4.21859741,2.73976517,0,0,20,0,36,342.78,745.37,3,41,48.73605
10/24/2021 17:57:53,10.9375,9.375,10.9375,6.25,9.375,1796.628,1796.628,1796.628,1796.628,199.625336,60.626297,4.21859741,2.73976517,0,0,20,0,36,339.07,712.97,3,41,48.73605
10/24/2021 17:57:54,21.53846,13.8461533,13.8461533,10.76923,14.9999981,1796.62659,1796.62659,1796.62659,1796.62659,199.625183,60.62383,4.21842575,2.73993683,0,0,20,0,36,339.53,756.36,2,41,48.73605
10/24/2021 17:57:55,35.9375,40.625,35.9375,26.5625,34.765625,1796.62573,1796.62573,1796.62573,1796.62573,199.625076,60.62569,4.21855545,2.73980713,0,0,20,0,36,337.289978,857.66,2,41,48.73605
10/24/2021 17:57:56,26.1538448,19.9999981,19.9999981,13.8461533,19.9999981,1796.62671,1796.62671,1796.62671,1796.62671,199.6252,60.6248665,4.218498,2.73986435,0,0,20,0,36,336.639984,833.449951,2,41,48.73605
10/24/2021 17:57:57,12.5,20.3125,20.3125,28.125,20.3125,1796.62634,1796.62634,1796.62634,1796.62634,199.625137,60.632103,4.219002,2.73936081,0,0,20,0,36,355.139984,806.279968,4,41,48.73605
10/24/2021 17:57:58,43.75,25,21.875,34.375,31.25,1796.62585,1796.62585,1796.62585,1796.62585,199.6251,60.6268425,4.21863556,2.739727,0,0,20,0,36,362.22998,796.94,4,41,48.73605
10/24/2021 17:57:59,40.625,40.625,39.0625,32.8125,38.28125,1796.6261,1796.6261,1796.6261,1796.6261,199.625122,60.6101761,4.217476,2.74088669,0,0,20,0,36,373.33,801.769958,5,41,48.73605
10/24/2021 17:58:00,28.125,25,17.1875,15.625,21.484375,1796.62634,1796.62634,1796.62634,1796.62634,199.625153,60.61763,4.21799469,2.740368,0,0,20,0,36,367.66,764.079956,5,41,48.73605
10/24/2021 17:58:01,9.375,10.9375,9.375,6.25,8.984375,1796.62634,1796.62634,1796.62634,1796.62634,199.625153,60.61736,4.21797562,2.740387,0,0,20,0,35,352.94,729.81,4,41,48.73605
10/24/2021 17:58:02,28.125,34.375,28.125,23.4375,28.515625,1796.62708,1796.62708,1796.62708,1796.62708,199.625229,60.6093,4.217415,2.74094772,0,0,20,0,35,346.11,764.22,3,41,48.73605
10/24/2021 17:58:03,27.6923065,32.30769,23.0769215,23.0769215,26.538456,1796.62488,1796.62488,1796.62488,1796.62488,199.624985,60.6089172,4.217388,2.74097443,0,0,20,0,35,351.18,749.86,4,41,48.73605
10/24/2021 17:58:04,15.3846149,13.8461533,19.9999981,12.3076916,15.3846149,1796.62683,1796.62683,1796.62683,1796.62683,199.625214,60.60771,4.217304,2.74105835,0,0,20,0,35,362.09,754.1,6,41,48.73605
10/24/2021 17:58:05,32.8125,42.1875,31.25,34.375,35.15625,1796.62573,1796.62573,1796.62573,1796.62573,199.625076,60.60848,4.21735764,2.741005,0,0,20,0,35,349.789978,840.05,4,41,48.73605
10/24/2021 17:58:06,28.125,23.4375,23.4375,18.75,23.4375,1796.626,1796.626,1796.626,1796.626,199.6251,60.60475,4.217098,2.74126434,0,0,20,0,35,359.03,784.91,5,41,48.73605
10/24/2021 17:58:07,18.75,12.5,6.25,7.8125,11.328125,1796.62634,1796.62634,1796.62634,1796.62634,199.625153,60.61703,4.21795273,2.74040985,0,0,20,0,35,352.35,742.55,4,41,48.73605
10/24/2021 17:58:08,29.2307682,27.6923065,33.8461533,24.6153831,28.8461571,1796.62622,1796.62622,1796.62622,1796.62622,199.625137,60.6175766,4.217991,2.7403717,0,0,20,0,35,342.35,762.18,3,41,48.73605
10/24/2021 17:58:09,29.6875,25,28.125,29.6875,28.125,1796.62769,1796.62769,1796.62769,1796.62769,199.6253,60.6171379,4.21796036,2.74040222,0,0,20,0,35,343.11,785.209961,3,41,48.73605
10/24/2021 17:58:10,20.3125,21.875,20.3125,20.3125,20.703125,1796.6261,1796.6261,1796.6261,1796.6261,199.625122,60.61692,4.217945,2.74041748,0,0,20,0,35,342.47998,754.61,3,41,48.73605
10/24/2021 17:58:11,21.53846,27.6923065,24.6153831,12.3076916,21.53846,1796.62671,1796.62671,1796.62671,1796.62671,199.625183,60.6134644,4.217705,2.74065781,0,0,20,0,35,343.13,798.019958,3,41,48.73605
10/24/2021 17:58:12,17.1875,7.8125,10.9375,9.375,11.328125,1796.62537,1796.62537,1796.62537,1796.62537,199.625046,60.6129723,4.21767044,2.74069214,0,0,20,0,35,338.949982,742.86,2,41,48.73605
10/24/2021 17:58:13,26.1538448,33.8461533,24.6153831,30.76923,28.8461514,1796.62561,1796.62561,1796.62561,1796.62561,199.625061,60.6112175,4.21754837,2.74081421,0,0,20,0,35,339.68,752.16,2,41,48.73605
10/24/2021 17:58:14,64.0625,76.5625,67.1875,68.75,69.140625,1796.62756,1796.62756,1796.62756,1796.62756,199.62529,60.60201,4.2169075,2.741455,0,0,20,0,35,340.259979,816.81,2,41,48.73605
10/24/2021 17:58:15,70.3125,62.5,64.0625,73.4375,67.578125,1796.62512,1796.62512,1796.62512,1796.62512,199.625015,60.5975151,4.2165947,2.741768,0,0,20,0,35,339.61,890.69,2,41,48.73605
10/24/2021 17:58:16,33.8461533,24.6153831,24.6153831,30.76923,28.4615345,1796.6261,1796.6261,1796.6261,1796.6261,199.625122,60.6000366,4.21677,2.74159241,0,0,20,0,35,338.61,795.019958,2,41,48.73605
10/24/2021 17:58:17,6.25,7.8125,10.9375,6.25,7.8125,1796.62622,1796.62622,1796.62622,1796.62622,199.625137,60.6043129,4.21706772,2.74129486,0,0,20,0,35,337.97,727.91,2,41,48.73611
10/24/2021 17:58:18,10.9375,6.25,6.25,3.125,6.640625,1796.62732,1796.62732,1796.62732,1796.62732,199.625259,60.6037636,4.21702957,2.741333,0,0,20,0,35,338.44,713.42,2,41,48.73611
10/24/2021 17:58:19,39.0625,45.3125,39.0625,51.5625,43.75,1796.62537,1796.62537,1796.62537,1796.62537,199.625046,60.6004753,4.21680069,2.741562,0,0,20,0,35,343.419983,741.86,3,41,48.73611
10/24/2021 17:58:20,19.9999981,38.4615364,33.8461533,24.6153831,29.2307682,1796.62793,1796.62793,1796.62793,1796.62793,199.62532,60.59987,4.21675873,2.74160385,0,0,20,0,35,343.039978,764.74,3,41,48.73611
10/24/2021 17:58:21,26.5625,28.125,23.4375,9.375,21.875,1796.624,1796.624,1796.624,1796.624,199.6249,60.5996475,4.21674347,2.741619,0,0,20,0,35,346.55,770.48,3,41,48.73611
10/24/2021 17:58:22,9.230768,6.153846,9.230768,9.230768,8.4615345,1796.62732,1796.62732,1796.62732,1796.62732,199.625259,60.5995445,4.216736,2.74162674,0,0,20,0,35,341.199982,728.17,3,41,48.73611
10/24/2021 17:58:23,15.625,7.8125,25,10.9375,14.84375,1796.62634,1796.62634,1796.62634,1796.62634,199.625137,60.598938,4.216694,2.7416687,0,0,20,0,35,359.38,719.5,6,41,48.73611
10/24/2021 17:58:24,44.6153831,15.3846149,29.2307682,29.2307682,29.61538,1796.62659,1796.62659,1796.62659,1796.62659,199.625183,60.5991058,4.21670532,2.74165726,0,0,20,0,35,357.97998,761.47,5,41,48.73611
10/24/2021 17:58:25,32.8125,32.8125,43.75,45.3125,38.671875,1796.62488,1796.62488,1796.62488,1796.62488,199.624985,60.575367,4.21505356,2.743309,0,0,20,0,35,350.19,850.339966,4,41,48.73611
10/24/2021 17:58:26,26.1538448,18.4615364,19.9999981,15.3846149,20.0000038,1796.62646,1796.62646,1796.62646,1796.62646,199.625153,60.63682,4.21933,2.73903275,0,0,20,0,35,346.46,789.12,4,41,48.73611
10/24/2021 17:58:27,26.5625,43.75,35.9375,26.5625,33.203125,1796.62646,1796.62646,1796.62646,1796.62646,199.625153,60.63836,4.21943665,2.738926,0,0,20,0,35,350.669983,761.79,4,41,48.73611
10/24/2021 17:58:28,15.3846149,9.230768,12.3076916,16.9230766,13.4615364,1796.62659,1796.62659,1796.62659,1796.62659,199.625168,60.63956,4.21952057,2.738842,0,0,20,0,35,342.789978,725.829956,3,41,48.73611
10/24/2021 17:58:29,13.6363621,9.090906,12.121212,12.121212,11.742425,1796.62634,1796.62634,1796.62634,1796.62634,199.625153,60.632103,4.219002,2.73936081,0,0,20,0,35,339.56,709.87,3,41,48.73611
10/24/2021 17:58:30,17.1875,14.0625,12.5,15.625,14.84375,1796.6261,1796.6261,1796.6261,1796.6261,199.625122,60.6385765,4.219452,2.73891068,0,0,20,0,35,337.84,722.95,2,41,48.73611
10/24/2021 17:58:31,17.1875,12.5,17.1875,10.9375,14.453125,1796.62622,1796.62622,1796.62622,1796.62622,199.625137,60.6383,4.219433,2.73892975,0,0,20,0,35,340.87,708.149963,3,41,48.73611
10/24/2021 17:58:32,17.1875,9.375,14.0625,7.8125,12.109375,1796.62634,1796.62634,1796.62634,1796.62634,199.625153,60.65146,4.22034836,2.73801422,0,0,20,0,35,339.47998,718.649963,2,41,48.73611
10/24/2021 17:58:33,20.3125,17.1875,14.0625,10.9375,15.625,1796.62634,1796.62634,1796.62634,1796.62634,199.625153,60.66489,4.221283,2.73707962,0,0,20,0,35,337.61,727.089966,2,41,48.73611
10/24/2021 17:58:34,29.6875,14.0625,26.5625,23.4375,23.4375,1796.62683,1796.62683,1796.62683,1796.62683,199.6252,60.6628036,4.221138,2.73722458,0,0,20,0,35,337.3,770.269958,2,41,48.73611
10/24/2021 17:58:35,56.92308,41.53846,41.53846,38.4615364,44.6153831,1796.62646,1796.62646,1796.62646,1796.62646,199.625168,60.6406021,4.219593,2.73876953,0,0,20,0,35,336.66,857.82,2,41,48.73611
10/24/2021 17:58:36,34.375,45.3125,40.625,37.5,39.453125,1796.62524,1796.62524,1796.62524,1796.62524,199.625015,60.6417542,4.219673,2.73868942,0,0,20,0,36,352.22998,828,5,41,48.73611
10/24/2021 17:58:37,29.6875,18.75,20.3125,15.625,21.09375,1796.62622,1796.62622,1796.62622,1796.62622,199.625137,60.6616554,4.221058,2.73730469,0,0,20,0,36,360,752.889954,6,41,48.73611
10/24/2021 17:58:38,35.384613,21.53846,15.3846149,15.3846149,21.9230766,1796.62671,1796.62671,1796.62671,1796.62671,199.6252,60.64472,4.219879,2.73848343,0,0,20,0,36,350.69,748.79,4,41,48.73611
10/24/2021 17:58:39,39.0625,35.9375,34.375,29.6875,34.765625,1796.62573,1796.62573,1796.62573,1796.62573,199.625076,60.6619263,4.221077,2.73728561,0,0,20,0,36,350.74,770.51,4,41,48.73611
10/24/2021 17:58:40,29.6875,35.9375,34.375,18.75,29.6875,1796.62769,1796.62769,1796.62769,1796.62769,199.6253,60.6574364,4.220764,2.73759842,0,0,20,0,36,344.58,763.82,3,41,48.73611
10/24/2021 17:58:41,34.375,32.8125,28.125,17.1875,28.125,1796.62524,1796.62524,1796.62524,1796.62524,199.625031,60.669384,4.221596,2.73676682,0,0,20,0,36,342.55,729.23,3,41,48.73611
10/24/2021 17:58:42,26.5625,25,10.9375,14.0625,19.140625,1796.62671,1796.62671,1796.62671,1796.62671,199.6252,60.6578178,4.220791,2.73757172,0,0,20,0,36,345.09,721.38,3,41,48.73611
10/24/2021 17:58:43,29.2307682,16.9230766,10.76923,10.76923,16.9230766,1796.6261,1796.6261,1796.6261,1796.6261,199.625122,60.65332,4.220478,2.73788452,0,0,20,0,36,341.539978,718.36,3,41,48.73611
10/24/2021 17:58:44,32.8125,18.75,23.4375,23.4375,24.609375,1796.62549,1796.62549,1796.62549,1796.62549,199.625061,60.6494827,4.220211,2.73815155,0,0,20,0,36,338.99,802.81,2,41,48.73611
10/24/2021 17:58:45,49.2307663,52.30769,47.6923065,38.4615364,46.9230766,1796.62634,1796.62634,1796.62634,1796.62634,199.625153,60.5925255,4.21624756,2.742115,0,0,20,0,36,339.88,848.13,2,41,48.73611
10/24/2021 17:58:46,23.0769215,13.8461533,12.3076916,9.230768,14.6153812,1796.62646,1796.62646,1796.62646,1796.62646,199.625168,60.6521721,4.220398,2.73796463,0,0,20,0,36,339.83,748.91,2,41,48.73611
10/24/2021 17:58:48,17.1875,14.0625,10.9375,1.5625,10.9375,1796.626,1796.626,1796.626,1796.626,199.6251,60.6312828,4.21894455,2.739418,0,0,20,0,36,340.62,715.56,2,41,48.7361374
10/24/2021 17:58:48,26.5625,10.9375,9.375,7.8125,13.671875,1796.626,1796.626,1796.626,1796.626,199.6251,60.6491547,4.220188,2.73817444,0,0,20,0,36,341.27,710.279968,2,41,48.7361374
10/24/2021 17:58:49,18.75,26.5625,18.75,15.625,19.921875,1796.6272,1796.6272,1796.6272,1796.6272,199.625244,60.6532135,4.22047043,2.73789215,0,0,20,0,36,347.25,714.5,3,41,48.7361374
10/24/2021 17:58:50,25,21.875,17.1875,10.9375,18.75,1796.62549,1796.62549,1796.62549,1796.62549,199.625061,60.6483879,4.22013474,2.73822784,0,0,20,0,36,360.3,738.87,4,41,48.7361374
10/24/2021 17:58:51,25,15.625,17.1875,10.9375,17.1875,1796.62659,1796.62659,1796.62659,1796.62659,199.625168,60.6493759,4.2202034,2.73815918,0,0,20,0,36,355.169983,721.42,4,41,48.7361374
10/24/2021 17:58:52,15.625,10.9375,7.8125,9.375,10.9375,1796.62573,1796.62573,1796.62573,1796.62573,199.625076,60.64943,4.220207,2.73815536,0,0,20,0,36,345.27,703.22,3,41,48.7361374
10/24/2021 17:58:53,34.375,34.375,34.375,21.875,31.25,1796.62683,1796.62683,1796.62683,1796.62683,199.625214,60.64592,4.219963,2.73839951,0,0,20,0,36,345.889984,775.8,3,41,48.7361374
10/24/2021 17:58:54,68.75,70.3125,71.875,89.0625,75,1796.62744,1796.62744,1796.62744,1796.62744,199.625259,60.6471825,4.220051,2.73831177,0,0,20,0,36,358.889984,869.92,4,41,48.7361374
10/24/2021 17:58:55,96.875,96.875,93.75,96.875,96.09375,1796.6261,1796.6261,1796.6261,1796.6261,199.625122,61.0644341,4.24908447,2.709278,0,0,20,0,37,409.31,910.3,9,41,48.7361374
10/24/2021 17:58:56,96.875,96.875,96.875,96.875,96.875,1796.62561,1796.62561,1796.62561,1796.62561,199.625076,61.04771,4.247921,2.71044159,0,0,20,0,37,420.36,924.47,12,41,48.7361374
10/24/2021 17:58:57,68.75,79.6875,75,89.0625,78.125,1796.62634,1796.62634,1796.62634,1796.62634,199.625153,61.0490837,4.24801636,2.71034622,0,0,20,0,37,402.24,929.88,10,41,48.7361374
10/24/2021 18:01:25,57.8125,45.3125,56.25,42.1875,50.390625,1796.62561,1796.62561,1796.62561,1796.62561,199.625061,59.206356,4.119793,2.83856964,0,0,20,0,38,392.199982,879.91,10,41,48.73616
10/24/2021 18:01:26,50,45.3125,45.3125,48.4375,47.265625,1796.626,1796.626,1796.626,1796.626,199.6251,59.3696136,4.131153,2.82720947,0,0,20,0,38,394.639984,867.06,10,41,48.73616
10/24/2021 18:01:27,32.30769,19.9999981,15.3846149,16.9230766,21.1538429,1796.62646,1796.62646,1796.62646,1796.62646,199.625153,59.36452,4.13079834,2.82756424,0,0,20,0,38,390.789978,785.399963,10,41,48.73616
10/24/2021 18:01:28,27.6923065,27.6923065,23.0769215,29.2307682,26.9230728,1796.626,1796.626,1796.626,1796.626,199.6251,59.3707123,4.1312294,2.82713318,0,0,20,0,38,389.889984,779.55,10,41,48.73616
10/24/2021 18:01:29,34.375,14.0625,21.875,21.875,23.046875,1796.628,1796.628,1796.628,1796.628,199.625336,59.35125,4.129875,2.8284874,0,0,20,0,38,389.949982,760.8,10,41,48.73616
10/24/2021 18:01:30,26.5625,15.625,17.1875,20.3125,19.921875,1796.62476,1796.62476,1796.62476,1796.62476,199.624969,59.34933,4.12974167,2.828621,0,0,20,0,38,391.919983,753.98,10,41,48.73616
10/24/2021 18:01:31,20.3125,10.9375,12.5,17.1875,15.234375,1796.62646,1796.62646,1796.62646,1796.62646,199.625168,59.33091,4.12846,2.82990265,0,0,20,0,38,390.37,738.149963,10,41,48.73616
10/24/2021 18:01:32,21.875,18.75,12.5,18.75,17.96875,1796.62573,1796.62573,1796.62573,1796.62573,199.625092,59.2931938,4.12583542,2.83252716,0,0,20,0,38,392.069977,735.889954,10,41,48.73616
10/24/2021 18:01:33,19.9999981,23.0769215,24.6153831,19.9999981,21.9230766,1796.62646,1796.62646,1796.62646,1796.62646,199.625153,59.28941,4.125572,2.83279037,0,0,20,0,38,391.1,739.2,10,41,48.73616
10/24/2021 18:01:34,20.3125,18.75,18.75,21.875,19.921875,1796.62708,1796.62708,1796.62708,1796.62708,199.625229,59.2671547,4.12402344,2.83433914,0,0,20,0,38,389.55,751.98,10,41,48.73616
10/24/2021 18:01:35,39.0625,34.375,34.375,32.8125,35.15625,1796.62634,1796.62634,1796.62634,1796.62634,199.625153,59.26255,4.123703,2.83465958,0,0,20,0,38,387.789978,865.55,9,41,48.73616
10/24/2021 18:01:36,35.9375,21.875,32.8125,31.25,30.46875,1796.62585,1796.62585,1796.62585,1796.62585,199.625092,59.3229065,4.127903,2.83045959,0,0,20,0,38,389.59,821.94,10,41,48.73616
10/24/2021 18:01:37,21.875,20.3125,12.5,23.4375,19.53125,1796.62561,1796.62561,1796.62561,1796.62561,199.625076,59.33431,4.12869644,2.82966614,0,0,20,0,38,388.74,770.82,10,41,48.73616
10/24/2021 18:01:38,18.4615364,21.53846,21.53846,19.9999981,20.3846149,1796.627,1796.627,1796.627,1796.627,199.625214,59.2987328,4.1262207,2.83214188,0,0,20,0,38,390.94,744.139954,10,41,48.73616
10/24/2021 18:01:39,29.6875,21.875,15.625,21.875,22.265625,1796.62524,1796.62524,1796.62524,1796.62524,199.625015,59.2794342,4.124878,2.83348465,0,0,20,0,38,392.06,741.92,10,41,48.73616
10/24/2021 18:01:40,21.875,14.0625,14.0625,15.625,16.40625,1796.627,1796.627,1796.627,1796.627,199.625214,59.2768059,4.124695,2.83366776,0,0,20,0,38,391.37,751.22,10,41,48.73616
10/24/2021 18:01:41,21.53846,13.8461533,16.9230766,15.3846149,16.923069,1796.62646,1796.62646,1796.62646,1796.62646,199.625168,59.24791,4.12268448,2.835678,0,0,20,0,38,390.569977,754.04,10,41,48.73616
10/24/2021 18:01:42,26.5625,18.75,18.75,17.1875,20.3125,1796.62634,1796.62634,1796.62634,1796.62634,199.625137,59.2402344,4.12215042,2.83621216,0,0,20,0,38,390.66,740.029968,10,41,48.73616
10/24/2021 18:01:43,25,25,28.125,21.875,25,1796.626,1796.626,1796.626,1796.626,199.6251,59.23377,4.12170029,2.83666229,0,0,20,0,38,391,765.399963,10,41,48.73616
10/24/2021 18:01:44,29.6875,35.9375,28.125,25,29.6875,1796.626,1796.626,1796.626,1796.626,199.6251,59.22713,4.12123871,2.83712387,0,0,20,0,38,391.87,765.05,10,41,48.73616
10/24/2021 18:01:45,54.6875,48.4375,64.0625,59.375,56.640625,1796.6272,1796.6272,1796.6272,1796.6272,199.625244,59.15965,4.116543,2.84181976,0,0,20,0,38,387.05,869.92,10,41,48.73616
10/24/2021 18:01:46,42.1875,46.875,43.75,40.625,43.359375,1796.62659,1796.62659,1796.62659,1796.62659,199.625183,59.2342644,4.12173462,2.836628,0,0,20,0,38,388.009979,829.199951,10,41,48.73616
10/24/2021 18:01:47,21.875,20.3125,18.75,15.625,19.140625,1796.62537,1796.62537,1796.62537,1796.62537,199.625031,59.22713,4.12123871,2.83712387,0,0,20,0,38,387.72998,782.8,10,41,48.73616
10/24/2021 18:01:48,25,29.6875,21.875,25,25.390625,1796.626,1796.626,1796.626,1796.626,199.6251,59.2226944,4.12092972,2.83743286,0,0,20,0,38,391.06,766.97,10,41,48.73616
10/24/2021 18:01:49,42.1875,43.75,43.75,48.4375,44.53125,1796.62744,1796.62744,1796.62744,1796.62744,199.625259,59.20586,4.11975861,2.838604,0,0,20,0,38,401.22998,795.95,11,41,48.73616
10/24/2021 18:01:50,47.6923065,43.07692,44.6153831,46.1538429,45.38461,1796.6261,1796.6261,1796.6261,1796.6261,199.625122,59.2057,4.119747,2.83861542,0,0,20,0,38,399.139984,778.13,10,41,48.73616
10/24/2021 18:01:51,49.2307663,39.9999962,38.4615364,38.4615364,41.53846,1796.62561,1796.62561,1796.62561,1796.62561,199.625061,59.2155647,4.120434,2.83792877,0,0,20,0,38,373.03,777.41,6,41,48.73623
10/24/2021 18:01:52,35.9375,28.125,9.375,3.125,19.140625,1796.62659,1796.62659,1796.62659,1796.62659,199.625183,59.2156754,4.12044144,2.83792114,0,0,20,0,38,353.169983,733.459961,4,41,48.73623
10/24/2021 18:01:53,33.8461533,27.6923065,24.6153831,19.9999981,26.5384617,1796.62732,1796.62732,1796.62732,1796.62732,199.625259,59.2057,4.119747,2.83861542,0,0,20,0,38,357.13,795.709961,4,41,48.73623
10/24/2021 18:01:54,32.30769,19.9999981,18.4615364,9.230768,19.9999924,1796.62549,1796.62549,1796.62549,1796.62549,199.625061,59.2154045,4.12042236,2.83794022,0,0,20,0,38,354.72,778.18,4,41,48.73623
10/24/2021 18:01:55,46.875,37.5,39.0625,45.3125,42.1875,1796.6261,1796.6261,1796.6261,1796.6261,199.625122,59.2137566,4.120308,2.83805466,0,0,20,0,38,351.1,876.29,3,41,48.73623
10/24/2021 18:01:56,45.3125,34.375,32.8125,26.5625,34.765625,1796.62549,1796.62549,1796.62549,1796.62549,199.625061,59.24846,4.12272263,2.83564,0,0,20,0,38,350.139984,796.11,3,41,48.73623
10/24/2021 18:01:57,37.8378372,24.3243217,27.027029,39.18919,32.0945969,1796.62793,1796.62793,1796.62793,1796.62793,199.62532,59.2507629,4.122883,2.83547974,0,0,20,0,38,366.16,783.769958,5,41,48.73623
10/24/2021 18:01:58,31.48148,25.9259281,20.37037,18.51852,24.0740719,1796.62476,1796.62476,1796.62476,1796.62476,199.624969,59.2498322,4.122818,2.83554459,0,0,20,0,38,358.139984,788.959961,4,41,48.73623
10/24/2021 18:01:59,34.375,23.4375,25,18.75,25.390625,1796.62622,1796.62622,1796.62622,1796.62622,199.625137,59.21491,4.120388,2.83797455,0,0,20,0,38,360.72998,762.85,4,41,48.73623
10/24/2021 18:02:00,53.125,48.4375,39.0625,40.625,45.3125,1796.62659,1796.62659,1796.62659,1796.62659,199.625183,59.23985,4.12212372,2.83623886,0,0,20,0,38,370.59,796.2,5,41,48.73623
10/24/2021 18:02:01,48.4375,60.9375,62.5,53.125,56.25,1796.6261,1796.6261,1796.6261,1796.6261,199.625122,59.2524643,4.123001,2.83536148,0,0,20,0,38,366.569977,806.81,5,41,48.73623
10/24/2021 18:02:02,31.25,45.3125,40.625,37.5,38.671875,1796.627,1796.627,1796.627,1796.627,199.625214,59.22954,4.12140656,2.836956,0,0,20,0,38,351.449982,798.709961,3,41,48.73623
10/24/2021 18:02:03,56.25,48.4375,59.375,48.4375,53.125,1796.626,1796.626,1796.626,1796.626,199.6251,59.25438,4.12313461,2.835228,0,0,20,0,38,359.19,799.399963,4,41,48.73623
10/24/2021 18:02:04,41.09589,28.76712,36.9863052,27.3972626,33.5616455,1796.62537,1796.62537,1796.62537,1796.62537,199.625046,59.25049,4.122864,2.83549881,0,0,20,0,38,370.59,842.38,4,41,48.73623
10/24/2021 18:02:05,37.5,30.35714,37.5,41.0714264,36.6071472,1796.62708,1796.62708,1796.62708,1796.62708,199.625229,59.24835,4.122715,2.83564758,0,0,20,0,38,354.1,895.149963,4,41,48.73623
10/24/2021 18:02:06,62.1621628,62.1621628,48.64865,62.1621628,58.783783,1796.62524,1796.62524,1796.62524,1796.62524,199.625031,59.2077827,4.119892,2.83847046,0,0,20,0,38,354.57,846.519958,4,41,48.73623
10/24/2021 18:02:07,40.625,42.1875,29.6875,39.0625,37.890625,1796.62671,1796.62671,1796.62671,1796.62671,199.625183,59.2573929,4.12334442,2.83501816,0,0,20,0,38,349.44,798.55,3,41,48.73623
10/24/2021 18:02:08,9.230768,1.53846145,10.76923,7.69230747,7.30769062,1796.62708,1796.62708,1796.62708,1796.62708,199.625229,59.23234,4.121601,2.83676147,0,0,20,0,37,343.05,751.61,3,41,48.73623
10/24/2021 18:02:09,18.75,10.9375,12.5,15.625,14.453125,1796.6261,1796.6261,1796.6261,1796.6261,199.625122,59.2368927,4.12191772,2.83644485,0,0,20,0,37,346.11,739.079956,3,41,48.73623
10/24/2021 18:02:10,12.3076916,4.615384,10.76923,6.153846,8.4615345,1796.62463,1796.62463,1796.62463,1796.62463,199.624954,59.241333,4.12222672,2.83613586,0,0,20,0,37,341.22998,719.42,3,41,48.73623
10/24/2021 18:02:11,19.9999981,7.69230747,12.3076916,9.230768,12.3076916,1796.6272,1796.6272,1796.6272,1796.6272,199.625244,59.2405663,4.12217331,2.83618927,0,0,20,0,37,338.65,705.64,3,41,48.73623
10/24/2021 18:02:12,20.3125,7.8125,9.375,9.375,11.71875,1796.62573,1796.62573,1796.62573,1796.62573,199.625076,59.2363968,4.12188339,2.83647919,0,0,20,0,37,338.22,711.529968,2,41,48.73623
10/24/2021 18:02:13,31.25,17.1875,15.625,21.875,21.484375,1796.62561,1796.62561,1796.62561,1796.62561,199.625076,59.2336578,4.12169266,2.83667,0,0,20,0,37,339.52,712.45,3,41,48.73623
10/24/2021 18:02:14,37.5,34.375,21.875,26.5625,30.078125,1796.62671,1796.62671,1796.62671,1796.62671,199.6252,59.2269135,4.12122345,2.83713913,0,0,20,0,37,348.6,770.029968,3,41,48.73623
10/24/2021 18:02:15,45.3125,48.4375,42.1875,54.6875,47.65625,1796.62732,1796.62732,1796.62732,1796.62732,199.625259,59.1822929,4.11811829,2.84024429,0,0,20,0,37,379.81,873.3,6,41,48.73623
10/24/2021 18:02:16,96.92308,96.92308,98.46154,96.92308,97.30769,1796.62744,1796.62744,1796.62744,1796.62744,199.625275,59.2317352,4.121559,2.83680344,0,0,20,0,37,364.139984,899.87,4,41,48.73623
10/24/2021 18:02:17,23.0769215,15.3846149,6.153846,3.076923,11.9230747,1796.62463,1796.62463,1796.62463,1796.62463,199.624954,59.1973648,4.11916733,2.83919525,0,0,20,0,37,350.97,773.5,3,41,48.73623
10/24/2021 18:02:18,10.9375,17.1875,9.375,7.8125,11.328125,1796.62549,1796.62549,1796.62549,1796.62549,199.625061,59.20301,4.11956024,2.83880234,0,0,20,0,37,343.99,759.67,3,41,48.73623
10/24/2021 18:02:19,31.25,29.6875,20.3125,17.1875,24.609375,1796.62683,1796.62683,1796.62683,1796.62683,199.6252,59.2023,4.11951065,2.838852,0,0,20,0,37,339.12,749.18,2,41,48.73623
10/24/2021 18:02:20,21.875,21.875,15.625,17.1875,19.140625,1796.6261,1796.6261,1796.6261,1796.6261,199.625122,59.1634331,4.116806,2.84155655,0,0,20,0,37,337.58,741.279968,2,41,48.73628
10/24/2021 18:02:21,21.875,18.75,10.9375,15.625,16.796875,1796.62561,1796.62561,1796.62561,1796.62561,199.625061,59.1734047,4.11750031,2.84086227,0,0,20,0,37,337.1,737.48,2,41,48.73628
10/24/2021 18:02:22,9.375,6.25,10.9375,9.375,8.984375,1796.62708,1796.62708,1796.62708,1796.62708,199.625229,59.1738434,4.117531,2.84083176,0,0,20,0,37,337.289978,713.45,2,41,48.73628
10/24/2021 18:02:23,32.30769,29.2307682,35.384613,38.4615364,33.8461533,1796.627,1796.627,1796.627,1796.627,199.625214,59.0674362,4.1101265,2.848236,0,0,20,0,37,339.83,769.29,2,41,48.73628
10/24/2021 18:02:24,66.6666641,55.5555573,52.3809547,53.96825,57.1428528,1796.62524,1796.62524,1796.62524,1796.62524,199.625031,59.183712,4.11821747,2.840145,0,0,20,0,37,341.21,871.57,2,41,48.73628
10/24/2021 18:02:25,50,34.375,48.4375,37.5,42.578125,1796.62585,1796.62585,1796.62585,1796.62585,199.625092,59.1632652,4.11679459,2.841568,0,0,20,0,37,340.06,910.6,2,41,48.73628
10/24/2021 18:02:26,18.75,12.5,18.75,18.75,17.1875,1796.6272,1796.6272,1796.6272,1796.6272,199.625244,59.1447372,4.115505,2.84285736,0,0,20,0,37,339.68,795.529968,2,41,48.73628
10/24/2021 18:02:27,40.625,21.875,14.0625,20.3125,24.21875,1796.62634,1796.62634,1796.62634,1796.62634,199.625153,59.1900177,4.118656,2.83970642,0,0,20,0,37,340.259979,790.589966,2,41,48.73628
10/24/2021 18:02:28,6.25,3.125,4.6875,6.25,5.078125,1796.62585,1796.62585,1796.62585,1796.62585,199.625092,59.1663361,4.117008,2.84135437,0,0,20,0,37,338.8,742.37,2,41,48.73628
10/24/2021 18:02:29,9.375,12.5,15.625,6.25,10.9375,1796.62646,1796.62646,1796.62646,1796.62646,199.625168,59.1826744,4.118145,2.84021759,0,0,20,0,37,340.9,718.82,2,41,48.73628
10/24/2021 18:02:30,15.625,15.625,9.375,7.8125,12.109375,1796.62549,1796.62549,1796.62549,1796.62549,199.625061,59.1719856,4.117401,2.84096146,0,0,20,0,37,339.8,700.2,2,41,48.73628
10/24/2021 18:02:31,12.5,25,15.625,9.375,15.625,1796.62708,1796.62708,1796.62708,1796.62708,199.625229,59.17149,4.117367,2.84099579,0,0,20,0,37,339.169983,752.44,2,41,48.73628
10/24/2021 18:02:32,28.125,39.0625,34.375,35.9375,34.375,1796.626,1796.626,1796.626,1796.626,199.6251,59.1695747,4.11723328,2.8411293,0,0,20,0,37,338.66,747.98,2,41,48.73628
10/24/2021 18:02:33,25,26.5625,20.3125,21.875,23.4375,1796.62585,1796.62585,1796.62585,1796.62585,199.625092,59.1696777,4.117241,2.84112167,0,0,20,0,37,341.08,732.68,2,41,48.73628
10/24/2021 18:02:34,9.375,4.6875,10.9375,9.375,8.59375,1796.62634,1796.62634,1796.62634,1796.62634,199.625153,59.1687469,4.117176,2.84118652,0,0,20,0,37,344.21,711.38,3,41,48.73628
10/24/2021 18:02:35,37.5,28.125,39.0625,37.5,35.546875,1796.62659,1796.62659,1796.62659,1796.62659,199.625183,59.16908,4.117199,2.84116364,0,0,20,0,37,344.03,850.459961,3,41,48.73628
10/24/2021 18:02:36,20.3125,17.1875,20.3125,17.1875,18.75,1796.62646,1796.62646,1796.62646,1796.62646,199.625168,59.1426544,4.11536026,2.84300232,0,0,20,0,37,340.449982,784.07,2,41,48.73628
10/24/2021 18:02:37,4.6875,3.125,4.6875,6.25,4.6875,1796.62561,1796.62561,1796.62561,1796.62561,199.625076,59.1763725,4.1177063,2.84065628,0,0,20,0,37,340.13,728.57,2,41,48.73628
10/24/2021 18:02:38,12.5,7.8125,6.25,6.25,8.203125,1796.62671,1796.62671,1796.62671,1796.62671,199.6252,59.17582,4.117668,2.84069443,0,0,20,0,37,341.6,723.75,3,41,48.73628
10/24/2021 18:02:39,7.8125,7.8125,6.25,6.25,7.03125,1796.62573,1796.62573,1796.62573,1796.62573,199.625092,59.172966,4.11747,2.84089279,0,0,20,0,37,340.789978,713.889954,2,41,48.73628
10/24/2021 18:02:40,21.53846,19.9999981,15.3846149,23.0769215,19.9999924,1796.6261,1796.6261,1796.6261,1796.6261,199.625122,59.1146927,4.113415,2.84494781,0,0,20,0,36,339.55,775.779968,2,41,48.73628
10/24/2021 18:02:41,28.125,31.25,17.1875,18.75,23.828125,1796.62622,1796.62622,1796.62622,1796.62622,199.625137,59.0956726,4.112091,2.84627151,0,0,20,0,36,343.35,747.5,3,41,48.73628
10/24/2021 18:02:42,15.3846149,16.9230766,18.4615364,21.53846,18.07692,1796.62561,1796.62561,1796.62561,1796.62561,199.625076,59.106472,4.11284256,2.84552,0,0,20,0,36,340.63,716.11,3,41,48.73628
10/24/2021 18:02:43,21.875,17.1875,12.5,10.9375,15.625,1796.62683,1796.62683,1796.62683,1796.62683,199.625214,59.0993423,4.11234665,2.846016,0,0,20,0,36,340.74,738.139954,2,41,48.73628
10/24/2021 18:02:44,28.125,12.5,4.6875,14.0625,14.84375,1796.62671,1796.62671,1796.62671,1796.62671,199.6252,59.09803,4.112255,2.84610748,0,0,20,0,36,340.07,707.01,2,41,48.73628
10/24/2021 18:02:45,25,15.625,45.3125,39.0625,31.25,1796.62671,1796.62671,1796.62671,1796.62671,199.625183,59.0715523,4.1104126,2.84795,0,0,20,0,36,339.949982,848.5,2,41,48.73628
10/24/2021 18:02:46,31.25,28.125,32.8125,29.6875,30.46875,1796.62622,1796.62622,1796.62622,1796.62622,199.625137,59.12911,4.114418,2.84394455,0,0,20,0,36,341.419983,782.839966,2,41,48.73628
10/24/2021 18:02:47,6.25,6.25,10.9375,7.8125,7.8125,1796.6261,1796.6261,1796.6261,1796.6261,199.625122,59.1290054,4.1144104,2.84395218,0,0,20,0,36,340.43,738.31,2,41,48.73628
10/24/2021 18:02:48,18.4615364,15.3846149,7.69230747,15.3846149,14.2307644,1796.6261,1796.6261,1796.6261,1796.6261,199.625122,59.11146,4.1131897,2.845173,0,0,20,0,36,339.94,715.01,2,41,48.73628
10/24/2021 18:02:49,12.3076916,10.76923,10.76923,10.76923,11.153841,1796.62634,1796.62634,1796.62634,1796.62634,199.625153,59.1162872,4.11352539,2.84483719,0,0,20,0,36,338.07,701.22,2,41,48.73628
10/24/2021 18:02:50,13.8461533,4.615384,15.3846149,9.230768,10.7692242,1796.62634,1796.62634,1796.62634,1796.62634,199.625153,59.0723724,4.11047,2.84789276,0,0,20,0,36,338.69,703.36,2,41,48.73635
10/24/2021 18:02:51,9.230768,6.153846,9.230768,4.615384,7.30769062,1796.62573,1796.62573,1796.62573,1796.62573,199.625076,59.06793,4.110161,2.84820175,0,0,20,0,36,339.15,697.98,2,41,48.73635
10/24/2021 18:02:52,15.625,9.375,7.8125,7.8125,10.15625,1796.62683,1796.62683,1796.62683,1796.62683,199.6252,59.0693,4.110256,2.84810638,0,0,20,0,36,338.57,702.779968,2,41,48.73635
10/24/2021 18:02:53,21.875,10.9375,9.375,12.5,13.671875,1796.62671,1796.62671,1796.62671,1796.62671,199.625183,59.0616264,4.109722,2.84864044,0,0,20,0,36,339.36,711.149963,2,41,48.73635
10/24/2021 18:02:54,29.2307682,33.8461533,23.0769215,18.4615364,26.1538448,1796.62671,1796.62671,1796.62671,1796.62671,199.6252,59.0441933,4.108509,2.84985352,0,0,20,0,36,340.949982,763.72,2,41,48.73635
10/24/2021 18:02:55,44.6153831,43.07692,35.9375,26.5625,37.5480766,1796.62561,1796.62561,1796.62561,1796.62561,199.625076,59.0193062,4.106777,2.85158539,0,0,20,0,36,338.6,869.62,2,41,48.73635
10/24/2021 18:02:56,6.349206,12.6984119,15.625,12.5,11.7931547,1796.62561,1796.62561,1796.62561,1796.62561,199.625076,59.1280136,4.11434174,2.84402084,0,0,20,0,36,337.21,773.81,2,41,48.73635
10/24/2021 18:02:57,15.625,12.5,6.25,7.8125,10.546875,1796.62646,1796.62646,1796.62646,1796.62646,199.625168,59.11864,4.11368942,2.84467316,0,0,20,0,36,338.33,721.6,2,41,48.73635
10/24/2021 18:02:58,15.3846149,7.69230747,10.76923,10.76923,11.153841,1796.62646,1796.62646,1796.62646,1796.62646,199.625168,59.1377754,4.11502075,2.84334183,0,0,20,0,36,341.32,719.44,2,41,48.73635
10/24/2021 18:02:59,24.6153831,16.9230766,13.8461533,10.76923,16.53846,1796.6261,1796.6261,1796.6261,1796.6261,199.625122,59.1105843,4.11312866,2.845234,0,0,20,0,36,338.419983,718.399963,2,41,48.73635
10/24/2021 18:03:00,23.4375,26.5625,15.625,7.8125,18.359375,1796.62659,1796.62659,1796.62659,1796.62659,199.625183,59.11963,4.113758,2.84460449,0,0,20,0,36,340.97,749,3,41,48.73635
10/24/2021 18:03:01,15.625,12.5,9.375,7.8125,11.328125,1796.625,1796.625,1796.625,1796.625,199.625,59.12023,4.1138,2.84456253,0,0,20,0,36,340.44,724.95,2,41,48.73635
10/24/2021 18:03:02,14.0625,7.8125,6.25,9.375,9.375,1796.62634,1796.62634,1796.62634,1796.62634,199.625137,59.1254959,4.11416626,2.84419632,0,0,20,0,36,338.47998,711.12,2,41,48.73635
10/24/2021 18:03:03,20.3125,12.5,12.5,6.25,12.890625,1796.62781,1796.62781,1796.62781,1796.62781,199.6253,59.12374,4.114044,2.84431839,0,0,20,0,36,340.949982,706.279968,3,41,48.73635
10/24/2021 18:03:04,32.8125,20.3125,15.625,12.5,20.3125,1796.6261,1796.6261,1796.6261,1796.6261,199.625122,59.1246719,4.114109,2.84425354,0,0,20,0,36,342.44,717.86,3,41,48.73635
10/24/2021 18:03:05,45.3125,43.75,42.1875,43.75,43.75,1796.62622,1796.62622,1796.62622,1796.62622,199.625137,59.0454559,4.108597,2.84976578,0,0,20,0,36,340.02,853,2,41,48.73635
10/24/2021 18:03:06,35.9375,34.375,32.8125,29.6875,33.203125,1796.62585,1796.62585,1796.62585,1796.62585,199.625092,59.0800476,4.111004,2.8473587,0,0,20,0,36,337.72998,785.2,2,41,48.73635
10/24/2021 18:03:07,14.0625,6.25,7.8125,7.8125,8.984375,1796.6261,1796.6261,1796.6261,1796.6261,199.625122,59.0835,4.111244,2.84711838,0,0,20,0,36,337.669983,737.649963,2,41,48.73635
10/24/2021 18:03:08,12.3076916,6.153846,12.3076916,6.153846,9.230768,1796.62622,1796.62622,1796.62622,1796.62622,199.625122,59.0828972,4.11120224,2.84716034,0,0,20,0,36,338.69,709.579956,2,41,48.73635
10/24/2021 18:03:09,18.4615364,7.69230747,3.076923,7.69230747,9.230775,1796.6283,1796.6283,1796.6283,1796.6283,199.625366,59.0784035,4.11088943,2.84747314,0,0,20,0,36,339.449982,700.54,2,41,48.73635
10/24/2021 18:03:10,15.3846149,7.69230747,9.230768,4.615384,9.23076248,1796.62451,1796.62451,1796.62451,1796.62451,199.624939,59.07851,4.110897,2.84746552,0,0,20,0,36,340.22998,704.959961,2,41,48.73635
10/24/2021 18:03:11,6.153846,7.69230747,15.3846149,10.76923,10.0000019,1796.62659,1796.62659,1796.62659,1796.62659,199.625168,59.0785675,4.110901,2.8474617,0,0,20,0,36,337.83,703.13,2,41,48.73635
10/24/2021 18:03:13,16.9230766,7.69230747,6.153846,7.69230747,9.615385,1796.62634,1796.62634,1796.62634,1796.62634,199.625153,59.0784531,4.11089325,2.84746933,0,0,20,0,36,338.259979,698.32,2,41,48.73635
10/24/2021 18:03:13,25,12.5,17.1875,17.1875,17.96875,1796.62622,1796.62622,1796.62622,1796.62622,199.625137,59.0712738,4.11039352,2.847969,0,0,20,0,35,339.07,726.74,2,41,48.73635
10/24/2021 18:03:15,27.6923065,15.3846149,13.8461533,10.76923,16.9230766,1796.62683,1796.62683,1796.62683,1796.62683,199.6252,59.0559235,4.10932541,2.84903717,0,0,20,0,35,339.61,778.74,2,41,48.73635
10/24/2021 18:03:16,26.5625,28.125,39.0625,26.5625,30.078125,1796.6261,1796.6261,1796.6261,1796.6261,199.625122,59.026104,4.10725,2.85111237,0,0,20,0,35,338.449982,835.149963,2,41,48.73635
10/24/2021 18:03:17,18.75,1.5625,12.5,4.6875,9.375,1796.62561,1796.62561,1796.62561,1796.62561,199.625061,59.126976,4.11426926,2.84409332,0,0,20,0,35,338.61,754.95,2,41,48.73635
10/24/2021 18:03:18,14.0625,9.375,7.8125,10.9375,10.546875,1796.6261,1796.6261,1796.6261,1796.6261,199.625122,59.10669,4.112858,2.84550476,0,0,20,0,35,338.389984,724.22,2,41,48.73635
10/24/2021 18:03:19,20.3125,14.0625,6.25,10.9375,12.890625,1796.62659,1796.62659,1796.62659,1796.62659,199.625168,59.0813637,4.11109543,2.84726715,0,0,20,0,35,338.02,712.18,2,41,48.73635
10/24/2021 18:03:20,23.4375,18.75,10.9375,10.9375,16.015625,1796.62573,1796.62573,1796.62573,1796.62573,199.625092,59.09414,4.11198425,2.84637833,0,0,20,0,35,338.35,701,2,41,48.73635
10/24/2021 18:03:21,16.9230766,10.76923,9.230768,15.3846149,13.0769253,1796.62585,1796.62585,1796.62585,1796.62585,199.625092,59.0936432,4.11195,2.84641266,0,0,20,0,35,338.13,703.18,2,41,48.7362633
10/24/2021 18:03:22,16.9230766,4.615384,7.69230747,4.615384,8.4615345,1796.627,1796.627,1796.627,1796.627,199.625229,59.0821838,4.11115265,2.84721,0,0,20,0,35,339.3,698.149963,2,41,48.7362633
10/24/2021 18:03:23,12.5,12.5,9.375,6.25,10.15625,1796.62646,1796.62646,1796.62646,1796.62646,199.625168,59.0931473,4.11191559,2.846447,0,0,20,0,35,339.22,705.36,2,41,48.7362633
10/24/2021 18:03:24,9.230768,7.69230747,9.230768,9.230768,8.846151,1796.62561,1796.62561,1796.62561,1796.62561,199.625061,59.0912323,4.111782,2.84658051,0,0,20,0,35,338.32,702.64,2,41,48.7362633
10/24/2021 18:03:25,25,14.0625,21.875,25,21.484375,1796.62781,1796.62781,1796.62781,1796.62781,199.62532,59.0886,4.111599,2.84676361,0,0,20,0,35,338.97998,768.22,2,41,48.7362633
10/24/2021 18:03:26,53.8461571,58.4615364,56.92308,58.4615364,56.92308,1796.62378,1796.62378,1796.62378,1796.62378,199.624863,58.9894829,4.104702,2.85366058,0,0,20,0,35,339.889984,873.48,2,41,48.7362633
10/24/2021 18:03:27,84.375,81.25,87.5,76.5625,82.421875,1796.62878,1796.62878,1796.62878,1796.62878,199.625427,59.1296043,4.11445236,2.84391022,0,0,20,0,35,341.47,911.16,2,41,48.7362633
10/24/2021 18:03:28,34.375,43.75,39.0625,35.9375,38.28125,1796.62439,1796.62439,1796.62439,1796.62439,199.624939,59.1110764,4.113163,2.84519958,0,0,20,0,35,339.789978,866.69,2,41,48.7362633
10/24/2021 18:03:29,18.4615364,4.615384,6.153846,3.076923,8.076918,1796.62708,1796.62708,1796.62708,1796.62708,199.625229,59.1176033,4.113617,2.84474564,0,0,20,0,35,339.55,756.48,2,41,48.7362633
10/24/2021 18:03:30,21.875,9.375,4.6875,9.375,11.328125,1796.626,1796.626,1796.626,1796.626,199.6251,59.101757,4.1125145,2.845848,0,0,20,0,35,340.12,723.06,2,41,48.7362633
10/24/2021 18:03:31,18.75,10.9375,6.25,6.25,10.546875,1796.62708,1796.62708,1796.62708,1796.62708,199.625229,59.1140366,4.113369,2.84499359,0,0,20,0,35,338.789978,708.44,2,41,48.7362633
10/24/2021 18:03:32,29.6875,18.75,18.75,17.1875,21.09375,1796.62585,1796.62585,1796.62585,1796.62585,199.625092,59.09534,4.112068,2.8462944,0,0,20,0,35,340.05,716.639954,2,41,48.7362633
10/24/2021 18:03:33,51.5625,37.5,43.75,40.625,43.359375,1796.626,1796.626,1796.626,1796.626,199.6251,59.0585556,4.10950851,2.848854,0,0,20,0,35,340.759979,755.62,2,41,48.7362633
10/24/2021 18:03:34,33.8461533,18.4615364,19.9999981,13.8461533,21.53846,1796.62585,1796.62585,1796.62585,1796.62585,199.6251,59.082737,4.111191,2.84717178,0,0,20,0,35,341.06,736.959961,2,41,48.7362633
10/24/2021 18:03:35,34.375,20.3125,23.4375,23.4375,25.390625,1796.62756,1796.62756,1796.62756,1796.62756,199.62529,59.07632,4.11074448,2.847618,0,0,20,0,35,339.81,792.139954,2,41,48.7362633
10/24/2021 18:03:36,43.75,29.6875,28.125,29.6875,32.8125,1796.62585,1796.62585,1796.62585,1796.62585,199.625092,58.9991875,4.105377,2.85298538,0,0,20,0,35,340.08,827.16,2,41,48.7362633
10/24/2021 18:03:37,32.8125,28.125,28.125,26.5625,28.90625,1796.62537,1796.62537,1796.62537,1796.62537,199.625046,59.024292,4.10712433,2.85123825,0,0,20,0,35,342.21,749.51,2,41,48.7362633
10/24/2021 18:03:38,9.230768,4.615384,7.69230747,7.69230747,7.30769634,1796.627,1796.627,1796.627,1796.627,199.625229,59.0704536,4.1103363,2.84802628,0,0,20,0,35,341.85,715.889954,2,41,48.7362633
10/24/2021 18:03:39,12.3076916,13.8461533,12.3076916,13.8461533,13.0769253,1796.62512,1796.62512,1796.62512,1796.62512,199.625015,59.0447426,4.108547,2.84981537,0,0,20,0,35,341.11,706.26,2,41,48.7362633
10/24/2021 18:03:40,12.3076916,10.76923,9.230768,6.153846,9.615379,1796.62683,1796.62683,1796.62683,1796.62683,199.6252,59.0578423,4.109459,2.84890366,0,0,20,0,35,340.99,700.26,2,41,48.7362633
10/24/2021 18:03:41,16.9230766,12.3076916,9.230768,9.230768,11.9230747,1796.62634,1796.62634,1796.62634,1796.62634,199.625153,59.0618477,4.1097374,2.84862518,0,0,20,0,35,341.72998,708.75,2,41,48.7362633
10/24/2021 18:03:42,21.53846,15.3846149,19.9999981,10.76923,16.9230766,1796.62646,1796.62646,1796.62646,1796.62646,199.625153,59.04622,4.10865,2.84971237,0,0,20,0,35,341.59,710.44,2,41,48.7362633
10/24/2021 18:03:43,18.75,14.0625,17.1875,9.375,14.84375,1796.62671,1796.62671,1796.62671,1796.62671,199.6252,59.0614662,4.10971069,2.848652,0,0,20,0,35,339.91,700.7,2,41,48.7362633
10/24/2021 18:03:44,30.76923,23.0769215,18.4615364,13.8461533,21.53846,1796.62561,1796.62561,1796.62561,1796.62561,199.625076,59.02923,4.10746765,2.850895,0,0,20,0,35,339.41,723.79,2,41,48.7362633
10/24/2021 18:03:45,46.1538429,39.9999962,47.6923065,43.07692,44.2307663,1796.627,1796.627,1796.627,1796.627,199.625214,59.0171127,4.1066246,2.851738,0,0,20,0,36,339.9,820.37,2,41,48.7362633
10/24/2021 18:03:46,34.375,32.8125,31.25,32.8125,32.8125,1796.62561,1796.62561,1796.62561,1796.62561,199.625061,58.9766541,4.10380936,2.85455322,0,0,20,0,36,340.1,816.95,2,41,48.7362633
10/24/2021 18:03:47,27.6923065,19.9999981,12.3076916,6.153846,16.53846,1796.6261,1796.6261,1796.6261,1796.6261,199.625122,59.074894,4.11064529,2.84771729,0,0,20,0,36,340.889984,746,2,41,48.7362633
10/24/2021 18:03:48,15.3846149,15.3846149,12.3076916,9.230768,13.0769253,1796.62671,1796.62671,1796.62671,1796.62671,199.625183,59.0712166,4.11038971,2.84797287,0,0,20,0,36,339.1,718.209961,2,41,48.7362633
10/24/2021 18:03:49,18.75,17.1875,7.8125,9.375,13.28125,1796.62512,1796.62512,1796.62512,1796.62512,199.625015,59.0912323,4.111782,2.84658051,0,0,20,0,36,340.539978,710.74,2,41,48.7362633
10/24/2021 18:03:50,21.875,9.375,15.625,12.5,14.84375,1796.62976,1796.62976,1796.62976,1796.62976,199.625519,59.090023,4.111698,2.84666443,0,0,20,0,36,340.419983,698.43,2,41,48.7362633
10/24/2021 18:03:51,26.1538448,12.3076916,7.69230747,12.3076916,14.615387,1796.62439,1796.62439,1796.62439,1796.62439,199.624924,59.07314,4.110523,2.84783936,0,0,20,0,36,338.539978,693.42,2,41,48.7362328
10/24/2021 18:03:52,23.0769215,13.8461533,6.153846,6.153846,12.3076916,1796.62573,1796.62573,1796.62573,1796.62573,199.625092,59.0876122,4.1115303,2.84683228,0,0,20,0,36,339.62,701.3,2,41,48.7362328
10/24/2021 18:03:53,19.9999981,6.153846,13.8461533,9.230768,12.3076916,1796.62622,1796.62622,1796.62622,1796.62622,199.625137,59.085968,4.111416,2.84694672,0,0,20,0,36,339.25,712.13,2,41,48.7362328
10/24/2021 18:03:54,31.25,7.8125,7.8125,9.375,14.0625,1796.62708,1796.62708,1796.62708,1796.62708,199.625229,59.0864639,4.11145,2.84691238,0,0,20,0,36,338.66,706.42,2,41,48.7362328
10/24/2021 18:03:55,30.76923,16.9230766,26.1538448,26.1538448,25,1796.62549,1796.62549,1796.62549,1796.62549,199.625061,59.08394,4.11127472,2.84708786,0,0,20,0,36,339.389984,789.76,2,41,48.7362328
10/24/2021 18:03:56,29.2307682,27.6923065,24.6153831,23.0769215,26.1538448,1796.62573,1796.62573,1796.62573,1796.62573,199.625092,58.98581,4.10444641,2.85391617,0,0,20,0,36,339.91,790.61,2,41,48.7362328
10/24/2021 18:03:57,27.6923065,12.3076916,6.153846,6.153846,13.07692,1796.62659,1796.62659,1796.62659,1796.62659,199.625168,59.12604,4.11420441,2.84415817,0,0,20,0,36,339.199982,737.69,2,41,48.7362328
10/24/2021 18:03:58,25,15.625,10.9375,1.5625,13.28125,1796.62671,1796.62671,1796.62671,1796.62671,199.625183,59.1277962,4.11432648,2.844036,0,0,20,0,36,339.41,717.529968,2,41,48.7362328
10/24/2021 18:03:59,17.1875,20.3125,10.9375,10.9375,14.84375,1796.626,1796.626,1796.626,1796.626,199.6251,59.0792274,4.11094666,2.847416,0,0,20,0,36,339.47,705,2,41,48.7362328
10/24/2021 18:04:00,31.25,20.3125,15.625,14.0625,20.3125,1796.627,1796.627,1796.627,1796.627,199.625229,59.09775,4.112236,2.84612656,0,0,20,0,36,341.02,705.519958,2,41,48.7362328
10/24/2021 18:04:01,21.875,4.6875,18.75,9.375,13.671875,1796.62537,1796.62537,1796.62537,1796.62537,199.625046,59.11974,4.11376572,2.84459686,0,0,20,0,36,340.9,696.329956,2,41,48.7362328
10/24/2021 18:04:02,26.5625,12.5,10.9375,9.375,14.84375,1796.62634,1796.62634,1796.62634,1796.62634,199.625153,59.1334419,4.11471939,2.84364319,0,0,20,0,36,339.389984,701.36,2,41,48.7362328
10/24/2021 18:04:03,26.5625,6.25,15.625,9.375,14.453125,1796.62549,1796.62549,1796.62549,1796.62549,199.625061,59.13569,4.114876,2.84348679,0,0,20,0,36,339.53,702.04,2,41,48.7362328
10/24/2021 18:04:04,21.875,10.9375,15.625,9.375,14.453125,1796.62744,1796.62744,1796.62744,1796.62744,199.625275,59.1351433,4.11483765,2.843525,0,0,20,0,36,343.009979,698.26,3,41,48.7362328
10/24/2021 18:04:05,39.0625,25,18.75,18.75,25.390625,1796.62634,1796.62634,1796.62634,1796.62634,199.625153,59.1355247,4.11486435,2.84349823,0,0,20,0,36,341.13,802.66,2,41,48.7362328
10/24/2021 18:04:06,35.9375,32.8125,26.5625,31.25,31.640625,1796.62659,1796.62659,1796.62659,1796.62659,199.625183,59.1859055,4.11837,2.83999252,0,0,20,0,36,342.65,793.029968,2,41,48.7362328
10/24/2021 18:04:07,34.375,21.875,28.125,23.4375,26.953125,1796.62622,1796.62622,1796.62622,1796.62622,199.625137,59.22801,4.12129974,2.83706284,0,0,20,0,36,343.259979,732.94,2,41,48.7362328
10/24/2021 18:04:08,14.0625,4.6875,18.75,14.0625,12.890625,1796.625,1796.625,1796.625,1796.625,199.625,59.2397461,4.122116,2.83624649,0,0,20,0,36,342.22998,707.62,2,41,48.7362328
10/24/2021 18:04:09,17.1875,7.8125,10.9375,4.6875,10.15625,1796.62659,1796.62659,1796.62659,1796.62659,199.625183,59.2525177,4.123005,2.83535767,0,0,20,0,36,341.05,707.68,2,41,48.7362328
10/24/2021 18:04:10,15.625,3.125,14.0625,9.375,10.546875,1796.62732,1796.62732,1796.62732,1796.62732,199.625259,59.110527,4.113125,2.84523773,0,0,20,0,36,340.24,708.829956,2,41,48.7362328
10/24/2021 18:04:11,21.53846,9.230768,15.3846149,3.076923,12.3076916,1796.62573,1796.62573,1796.62573,1796.62573,199.625076,59.1671028,4.11706161,2.841301,0,0,20,0,36,339.86,711.24,2,41,48.7362328
10/24/2021 18:04:12,18.4615364,7.69230747,10.76923,10.76923,11.9230747,1796.62622,1796.62622,1796.62622,1796.62622,199.625137,59.1597061,4.11654663,2.841816,0,0,20,0,36,339.34,706.959961,2,41,48.7362328
10/24/2021 18:04:13,18.75,9.375,10.9375,10.9375,12.5,1796.62537,1796.62537,1796.62537,1796.62537,199.625046,59.1404076,4.115204,2.84315872,0,0,20,0,36,339.169983,726.779968,2,41,48.7362328
10/24/2021 18:04:14,20.3125,14.0625,17.1875,12.5,16.015625,1796.6272,1796.6272,1796.6272,1796.6272,199.625244,59.0830078,4.11121,2.84715271,0,0,20,0,36,338.949982,733.73,2,41,48.7362328
10/24/2021 18:04:15,42.1875,21.875,14.0625,25,25.78125,1796.62463,1796.62463,1796.62463,1796.62463,199.624954,59.132618,4.114662,2.84370041,0,0,20,0,36,338.16,823.32,2,41,48.7362328
10/24/2021 18:04:16,51.5625,53.125,43.75,51.5625,50,1796.628,1796.628,1796.628,1796.628,199.625336,59.1040573,4.11267471,2.84568787,0,0,20,0,36,339.389984,852.26,2,41,48.7362328
10/24/2021 18:04:17,18.75,9.375,10.9375,7.8125,11.71875,1796.62659,1796.62659,1796.62659,1796.62659,199.625183,59.1575127,4.116394,2.84196854,0,0,20,0,36,339.99,767,2,41,48.7362328
10/24/2021 18:04:18,10.76923,1.53846145,12.3076916,12.3076916,9.230768,1796.62561,1796.62561,1796.62561,1796.62561,199.625061,59.2078362,4.119896,2.83846664,0,0,20,0,36,341.039978,725.06,2,41,48.7362328
10/24/2021 18:04:19,10.9375,4.6875,6.25,7.8125,7.421875,1796.62634,1796.62634,1796.62634,1796.62634,199.625137,59.1811371,4.118038,2.8403244,0,0,20,0,36,339.88,720.01,2,41,48.7362328
10/24/2021 18:04:20,9.230768,4.615384,6.153846,3.076923,5.769229,1796.62646,1796.62646,1796.62646,1796.62646,199.625168,59.20235,4.11951447,2.838848,0,0,20,0,36,339.71,710.24,2,41,48.7362328
10/24/2021 18:04:21,7.8125,9.375,9.375,7.8125,8.59375,1796.627,1796.627,1796.627,1796.627,199.625214,59.1742821,4.11756134,2.84080124,0,0,20,0,36,339.97998,702.829956,2,41,48.7362137
10/24/2021 18:04:22,15.625,4.6875,4.6875,6.25,7.8125,1796.62537,1796.62537,1796.62537,1796.62537,199.625031,59.136734,4.11494827,2.84341431,0,0,20,0,36,340.33,707.22,2,41,48.7362137
10/24/2021 18:04:23,12.5,12.5,14.0625,10.9375,12.5,1796.626,1796.626,1796.626,1796.626,199.6251,59.1558647,4.1162796,2.842083,0,0,20,0,36,341.32,701.47,2,41,48.7362137
10/24/2021 18:04:24,7.8125,4.6875,4.6875,9.375,6.640625,1796.62671,1796.62671,1796.62671,1796.62671,199.6252,59.15581,4.116276,2.84208679,0,0,20,0,36,340.22998,703.98,2,41,48.7362137
10/24/2021 18:04:25,32.8125,17.1875,21.875,20.3125,23.046875,1796.62634,1796.62634,1796.62634,1796.62634,199.625137,59.1537857,4.11613464,2.842228,0,0,20,0,36,340.259979,792.35,2,41,48.7362137
10/24/2021 18:04:26,40.625,43.75,39.0625,42.1875,41.40625,1796.62646,1796.62646,1796.62646,1796.62646,199.625168,59.0515976,4.109024,2.84933853,0,0,20,0,37,340.3,809.01,2,41,48.7362137
10/24/2021 18:04:27,6.25,6.25,10.9375,7.8125,7.8125,1796.6261,1796.6261,1796.6261,1796.6261,199.625122,59.1567955,4.11634445,2.84201813,0,0,20,0,37,340.18,739.68,2,41,48.7362137
10/24/2021 18:04:28,12.5,14.0625,15.625,18.75,15.234375,1796.6261,1796.6261,1796.6261,1796.6261,199.625122,59.1646919,4.116894,2.84146881,0,0,20,0,37,338.99,725.54,2,41,48.7362137
10/24/2021 18:04:29,7.69230747,4.615384,3.076923,6.153846,5.384618,1796.626,1796.626,1796.626,1796.626,199.6251,59.1645279,4.11688232,2.84148026,0,0,20,0,37,338.88,709.12,2,41,48.7362137
10/24/2021 18:04:30,10.9375,4.6875,7.8125,6.25,7.421875,1796.62671,1796.62671,1796.62671,1796.62671,199.6252,59.16365,4.11682129,2.84154129,0,0,20,0,37,338.97,715.3,2,41,48.7362137
10/24/2021 18:04:31,3.125,7.8125,3.125,6.25,5.078125,1796.62634,1796.62634,1796.62634,1796.62634,199.625153,59.1605835,4.11660767,2.841755,0,0,20,0,37,338.009979,702.839966,2,41,48.7362137
10/24/2021 18:04:32,12.5,3.125,4.6875,6.25,6.640625,1796.6261,1796.6261,1796.6261,1796.6261,199.625122,59.1575661,4.116398,2.84196472,0,0,20,0,37,338.18,706.85,2,41,48.7362137
10/24/2021 18:04:33,7.8125,6.25,3.125,6.25,5.859375,1796.62549,1796.62549,1796.62549,1796.62549,199.625061,59.160305,4.11658859,2.841774,0,0,20,0,37,337.63,701.32,2,41,48.7362137
10/24/2021 18:04:34,15.625,7.8125,14.0625,7.8125,11.328125,1796.62866,1796.62866,1796.62866,1796.62866,199.625412,59.1605835,4.11660767,2.841755,0,0,20,0,37,338.25,704.73,2,41,48.7362137
10/24/2021 18:04:35,31.25,29.6875,23.4375,26.5625,27.734375,1796.62537,1796.62537,1796.62537,1796.62537,199.625046,59.1552048,4.116234,2.84212875,0,0,20,0,37,336.81,817.029968,2,41,48.7362137
10/24/2021 18:04:36,26.5625,26.5625,14.0625,29.6875,24.21875,1796.62622,1796.62622,1796.62622,1796.62622,199.625137,59.0486336,4.108818,2.84954453,0,0,20,0,37,338.33,788.95,2,41,48.7362137
10/24/2021 18:04:37,25,23.4375,20.3125,21.875,22.65625,1796.6261,1796.6261,1796.6261,1796.6261,199.625122,59.14424,4.115471,2.84289169,0,0,20,0,37,338.78,737.089966,2,41,48.7362137
10/24/2021 18:04:38,6.153846,9.230768,9.230768,12.3076916,9.230768,1796.6261,1796.6261,1796.6261,1796.6261,199.625122,59.1430931,4.115391,2.8429718,0,0,20,0,37,338.69,718.36,2,41,48.7362137
10/24/2021 18:04:39,10.9375,9.375,7.8125,10.9375,9.765625,1796.62634,1796.62634,1796.62634,1796.62634,199.625137,59.1426,4.11535645,2.84300613,0,0,20,0,37,339.65,707.22,2,41,48.7362137
10/24/2021 18:04:40,9.375,7.8125,9.375,10.9375,9.375,1796.62622,1796.62622,1796.62622,1796.62622,199.625137,59.139637,4.11515045,2.84321213,0,0,20,0,37,339.58,700.94,2,41,48.7362137
10/24/2021 18:04:41,6.153846,9.230768,6.153846,6.153846,6.923074,1796.62537,1796.62537,1796.62537,1796.62537,199.625046,59.1364021,4.11492538,2.84343719,0,0,20,0,37,339.69,700.41,2,41,48.7362137
10/24/2021 18:04:42,10.9375,14.0625,6.25,12.5,10.9375,1796.627,1796.627,1796.627,1796.627,199.625214,59.13728,4.11498642,2.84337616,0,0,20,0,37,338.9,708.18,2,41,48.7362137
10/24/2021 18:04:43,12.5,14.0625,14.0625,9.375,12.5,1796.62561,1796.62561,1796.62561,1796.62561,199.625061,59.11667,4.113552,2.84481049,0,0,20,0,37,340.55,706.39,2,41,48.7362137
10/24/2021 18:04:44,17.1875,18.75,12.5,14.0625,15.625,1796.62622,1796.62622,1796.62622,1796.62622,199.625122,59.1076775,4.11292648,2.845436,0,0,20,0,37,340.57,718.55,2,41,48.7362137
10/24/2021 18:04:45,29.6875,21.875,20.3125,20.3125,23.046875,1796.62683,1796.62683,1796.62683,1796.62683,199.625214,59.1075134,4.112915,2.84544754,0,0,20,0,37,338.449982,822.72,2,41,48.7362137
10/24/2021 18:04:46,26.5625,23.4375,23.4375,26.5625,25,1796.62585,1796.62585,1796.62585,1796.62585,199.625092,59.1752167,4.117626,2.84073639,0,0,20,0,37,339.65,802.04,2,41,48.7362137
10/24/2021 18:04:47,18.75,17.1875,9.375,7.8125,13.28125,1796.62671,1796.62671,1796.62671,1796.62671,199.6252,59.18909,4.11859131,2.83977127,0,0,20,0,37,340.11,743.959961,2,41,48.7362137
10/24/2021 18:04:48,9.375,12.5,3.125,7.8125,8.203125,1796.62646,1796.62646,1796.62646,1796.62646,199.625153,59.18766,4.118492,2.83987045,0,0,20,0,37,339.55,718.95,2,41,48.7362137
10/24/2021 18:04:49,10.76923,12.3076916,16.9230766,10.76923,12.6923027,1796.62622,1796.62622,1796.62622,1796.62622,199.625137,59.186512,4.118412,2.83995056,0,0,20,0,37,339.13,705.86,2,41,48.7362137
10/24/2021 18:04:50,9.230768,18.4615364,10.76923,10.76923,12.3076916,1796.62537,1796.62537,1796.62537,1796.62537,199.625046,59.1846466,4.11828232,2.84008026,0,0,20,0,37,340.5,700.51,2,41,48.7362137
10/24/2021 18:04:51,14.0625,18.75,17.1875,10.9375,15.234375,1796.626,1796.626,1796.626,1796.626,199.6251,59.1840973,4.118244,2.84011841,0,0,20,0,37,339.419983,700.17,2,41,48.7362633
10/24/2021 18:04:52,21.875,23.4375,15.625,9.375,17.578125,1796.62671,1796.62671,1796.62671,1796.62671,199.625183,59.1840973,4.118244,2.84011841,0,0,20,0,37,338.08,705.24,2,41,48.7362633
10/24/2021 18:04:53,18.75,21.875,12.5,3.125,14.0625,1796.6261,1796.6261,1796.6261,1796.6261,199.625122,59.1832733,4.118187,2.84017563,0,0,20,0,37,339.43,712.329956,2,41,48.7362633
10/24/2021 18:04:54,15.625,18.75,9.375,7.8125,12.890625,1796.62524,1796.62524,1796.62524,1796.62524,199.625031,59.18322,4.118183,2.84017944,0,0,20,0,37,339.8,704.5,2,41,48.7362633
10/24/2021 18:04:55,32.8125,21.875,29.6875,28.125,28.125,1796.6283,1796.6283,1796.6283,1796.6283,199.625366,59.1831131,4.11817551,2.840187,0,0,20,0,37,338.63,825.23,2,41,48.7362633
10/24/2021 18:04:56,43.07692,47.6923065,43.07692,41.53846,43.84615,1796.62512,1796.62512,1796.62512,1796.62512,199.625015,59.19479,4.118988,2.83937454,0,0,20,0,37,339.699982,804.529968,2,41,48.7362633
10/24/2021 18:04:57,26.5625,35.9375,12.5,20.3125,23.828125,1796.627,1796.627,1796.627,1796.627,199.625214,59.1787834,4.117874,2.84048843,0,0,20,0,37,341.12,766.44,2,41,48.7362633
10/24/2021 18:04:58,34.375,28.125,26.5625,23.4375,28.125,1796.62537,1796.62537,1796.62537,1796.62537,199.625046,59.1788368,4.117878,2.84048462,0,0,20,0,37,341.449982,735.8,2,41,48.7362633
10/24/2021 18:04:59,19.9999981,16.9230766,10.76923,13.8461533,15.3846149,1796.62646,1796.62646,1796.62646,1796.62646,199.625168,59.1797142,4.117939,2.84042358,0,0,20,0,37,340.789978,728.209961,2,41,48.7362633
10/24/2021 18:05:00,20.3125,18.75,10.9375,15.625,16.40625,1796.6272,1796.6272,1796.6272,1796.6272,199.625244,59.2170448,4.120537,2.83782578,0,0,20,0,37,340.289978,709.6,2,41,48.7362633
10/24/2021 18:05:01,12.3076916,15.3846149,15.3846149,12.3076916,13.8461533,1796.62573,1796.62573,1796.62573,1796.62573,199.625076,59.18618,4.118389,2.83997345,0,0,20,0,37,339.85,698.37,2,41,48.7362633
10/24/2021 18:05:02,10.9375,10.9375,10.9375,6.25,9.765625,1796.62683,1796.62683,1796.62683,1796.62683,199.6252,59.1912842,4.118744,2.83961868,0,0,20,0,37,339.199982,705.13,2,41,48.7362633
10/24/2021 18:05:03,15.625,6.25,10.9375,7.8125,10.15625,1796.62585,1796.62585,1796.62585,1796.62585,199.625092,59.1904068,4.118683,2.83967972,0,0,20,0,37,339.919983,698.61,2,41,48.7362633
10/24/2021 18:05:04,10.76923,9.230768,6.153846,9.230768,8.846151,1796.6261,1796.6261,1796.6261,1796.6261,199.625122,59.1904068,4.118683,2.83967972,0,0,20,0,37,339.46,705.93,2,41,48.7362633
10/24/2021 18:05:05,32.8125,25,21.875,25,26.171875,1796.62646,1796.62646,1796.62646,1796.62646,199.625168,59.19013,4.118664,2.83969879,0,0,20,0,37,339.72,822.99,2,41,48.7362633
10/24/2021 18:05:06,29.6875,28.125,34.375,29.6875,30.46875,1796.627,1796.627,1796.627,1796.627,199.625229,59.1388741,4.115097,2.84326553,0,0,20,0,37,337.8,809.529968,2,41,48.7362633
10/24/2021 18:05:07,55.384613,61.53846,52.30769,54.6875,55.97957,1796.62634,1796.62634,1796.62634,1796.62634,199.625153,59.1714325,4.117363,2.8409996,0,0,20,0,37,337.93,838.92,2,41,48.7362633
10/24/2021 18:05:08,59.375,42.1875,31.25,29.2307682,40.5108147,1796.62561,1796.62561,1796.62561,1796.62561,199.625076,59.1729164,4.117466,2.84089661,0,0,20,0,37,337.669983,873.61,2,41,48.7362633
10/24/2021 18:05:09,29.2307682,26.1538448,21.53846,33.8461533,27.6923065,1796.62634,1796.62634,1796.62634,1796.62634,199.625153,59.1411171,4.11525345,2.84310913,0,0,20,0,37,336.94,788.579956,2,41,48.7362633
10/24/2021 18:05:10,15.3846149,16.9230766,7.69230747,6.153846,11.5384636,1796.62512,1796.62512,1796.62512,1796.62512,199.625015,59.1373367,4.11499,2.84337234,0,0,20,0,37,339.07,729.86,2,41,48.7362633
10/24/2021 18:05:11,9.230768,12.3076916,4.615384,6.153846,8.076924,1796.62732,1796.62732,1796.62732,1796.62732,199.625259,59.1350861,4.114834,2.84352875,0,0,20,0,37,338.949982,707.97,2,41,48.7362633
10/24/2021 18:05:12,7.8125,9.375,1.5625,3.125,5.46875,1796.62512,1796.62512,1796.62512,1796.62512,199.625015,59.13443,4.114788,2.84357452,0,0,20,0,37,338.72998,709.269958,2,41,48.7362633
10/24/2021 18:05:13,17.1875,9.375,6.25,9.375,10.546875,1796.6272,1796.6272,1796.6272,1796.6272,199.625244,59.1337166,4.11473846,2.843624,0,0,20,0,37,338.38,722.97,2,41,48.7362633
10/24/2021 18:05:14,28.125,15.625,15.625,14.0625,18.359375,1796.62659,1796.62659,1796.62659,1796.62659,199.625168,59.1271362,4.1142807,2.84408188,0,0,20,0,37,339.57,704.209961,2,41,48.7362633
10/24/2021 18:05:15,29.2307682,19.9999981,30.76923,24.6153831,26.1538448,1796.62634,1796.62634,1796.62634,1796.62634,199.625153,59.1304245,4.11450958,2.843853,0,0,20,0,37,338.259979,839.07,2,41,48.7362633
10/24/2021 18:05:16,21.53846,16.9230766,16.9230766,13.8461533,17.3076935,1796.62561,1796.62561,1796.62561,1796.62561,199.625061,59.1889763,4.11858368,2.839779,0,0,20,0,37,339.06,773.649963,2,41,48.7362633
10/24/2021 18:05:17,15.625,4.6875,7.8125,12.5,10.15625,1796.6272,1796.6272,1796.6272,1796.6272,199.625244,59.1950645,4.119007,2.83935547,0,0,20,0,37,338.53,726.5,2,41,48.7362633
10/24/2021 18:05:18,23.0769215,9.230768,10.76923,10.76923,13.4615364,1796.62524,1796.62524,1796.62524,1796.62524,199.625031,59.194294,4.1189537,2.83940887,0,0,20,0,37,339.84,707.32,2,41,48.7362633
10/24/2021 18:05:19,6.153846,3.076923,7.69230747,7.69230747,6.153846,1796.6261,1796.6261,1796.6261,1796.6261,199.625122,59.18054,4.117996,2.84036636,0,0,20,0,37,339.97998,702.48,2,41,48.7362633
10/24/2021 18:05:20,18.75,6.25,12.5,7.8125,11.328125,1796.6283,1796.6283,1796.6283,1796.6283,199.625366,59.1925964,4.11883545,2.83952713,0,0,20,0,37,338.4,703.48,2,41,48.7362633
10/24/2021 18:05:21,4.615384,3.076923,7.69230747,7.69230747,5.76923466,1796.62573,1796.62573,1796.62573,1796.62573,199.625092,59.1925964,4.11883545,2.83952713,0,0,20,0,37,339.87,702.91,2,41,48.7362137
10/24/2021 18:05:22,4.6875,6.25,3.125,9.375,5.859375,1796.62476,1796.62476,1796.62476,1796.62476,199.624969,59.192543,4.11883163,2.839531,0,0,20,0,37,340.27,697.95,2,41,48.7362137
10/24/2021 18:05:23,7.8125,4.6875,6.25,4.6875,5.859375,1796.62781,1796.62781,1796.62781,1796.62781,199.6253,59.19276,4.118847,2.83951569,0,0,20,0,37,339.47998,703.92,2,41,48.7362137
10/24/2021 18:05:24,10.9375,3.125,7.8125,3.125,6.25,1796.62646,1796.62646,1796.62646,1796.62646,199.625168,59.1860733,4.1183815,2.839981,0,0,20,0,37,340.11,697.94,2,41,48.7362137
10/24/2021 18:05:25,32.8125,17.1875,34.375,32.8125,29.296875,1796.62524,1796.62524,1796.62524,1796.62524,199.625031,59.18344,4.11819839,2.84016418,0,0,20,0,37,339.49,846.699951,2,41,48.7362137
10/24/2021 18:05:26,14.0625,12.5,18.75,20.3125,16.40625,1796.62646,1796.62646,1796.62646,1796.62646,199.625168,59.1682,4.117138,2.84122467,0,0,20,0,37,339.71,779.04,2,41,48.7362137
10/24/2021 18:05:27,6.25,1.5625,4.6875,6.25,4.6875,1796.6272,1796.6272,1796.6272,1796.6272,199.625244,59.1908455,4.11871338,2.8396492,0,0,20,0,37,338.84,732.79,2,41,48.7362137
10/24/2021 18:05:28,10.9375,9.375,6.25,12.5,9.765625,1796.62524,1796.62524,1796.62524,1796.62524,199.625031,59.18969,4.11863327,2.83972931,0,0,20,0,37,338.37,723.45,2,41,48.7362137
10/24/2021 18:05:29,3.125,4.6875,4.6875,4.6875,4.296875,1796.62561,1796.62561,1796.62561,1796.62561,199.625076,59.18843,4.11854553,2.839817,0,0,20,0,37,338.419983,716.24,2,41,48.7362137
10/24/2021 18:05:30,9.230768,4.615384,4.615384,4.615384,5.769229,1796.62671,1796.62671,1796.62671,1796.62671,199.6252,59.1883163,4.118538,2.83982468,0,0,20,0,37,338.5,705.81,2,41,48.7362137
10/24/2021 18:05:31,10.9375,4.6875,4.6875,7.8125,7.03125,1796.62646,1796.62646,1796.62646,1796.62646,199.625168,59.1746178,4.117584,2.84077835,0,0,20,0,37,339.22,709.19,2,41,48.7362137
10/24/2021 18:05:32,14.0625,14.0625,6.25,9.375,10.9375,1796.62549,1796.62549,1796.62549,1796.62549,199.625046,59.1882133,4.11853027,2.83983231,0,0,20,0,37,340.87,700.959961,2,41,48.7362137
10/24/2021 18:05:33,25,20.3125,32.8125,26.5625,26.171875,1796.62683,1796.62683,1796.62683,1796.62683,199.625214,58.81465,4.092537,2.86582565,0,0,20,0,37,339.46,818.85,2,41,48.7362137
10/24/2021 18:05:34,18.75,35.9375,31.25,18.75,26.171875,1796.62549,1796.62549,1796.62549,1796.62549,199.625061,58.44954,4.067131,2.89123154,0,0,20,0,37,340.32,787.459961,2,41,48.7362137
10/24/2021 18:05:35,34.375,29.6875,29.6875,32.8125,31.640625,1796.62708,1796.62708,1796.62708,1796.62708,199.625229,58.4583664,4.067745,2.89061737,0,0,20,0,37,338.44,864.459961,2,41,48.7362137
10/24/2021 18:05:36,15.625,20.3125,32.8125,23.4375,23.046875,1796.627,1796.627,1796.627,1796.627,199.625229,58.4801331,4.06925964,2.889103,0,0,20,0,37,340.6,807.3,2,41,48.7362137
10/24/2021 18:05:37,6.25,7.8125,6.25,7.8125,7.03125,1796.62561,1796.62561,1796.62561,1796.62561,199.625061,58.4926338,4.07012939,2.88823318,0,0,20,0,37,340.09,739.91,2,41,48.7362137
10/24/2021 18:05:38,12.5,3.125,6.25,6.25,7.03125,1796.626,1796.626,1796.626,1796.626,199.6251,58.4661522,4.068287,2.89007568,0,0,20,0,37,340.1,712.089966,2,41,48.7362137
10/24/2021 18:05:39,10.9375,7.8125,6.25,7.8125,8.203125,1796.62634,1796.62634,1796.62634,1796.62634,199.625153,58.4874763,4.069771,2.88859177,0,0,20,0,37,340.789978,702.51,2,41,48.7362137
10/24/2021 18:05:40,6.25,7.8125,4.6875,3.125,5.46875,1796.62585,1796.62585,1796.62585,1796.62585,199.625092,58.48775,4.06979,2.88857269,0,0,20,0,37,338.789978,701.39,2,41,48.7362137
10/24/2021 18:05:41,14.0625,10.9375,10.9375,7.8125,10.9375,1796.62585,1796.62585,1796.62585,1796.62585,199.6251,58.48496,4.06959534,2.88876724,0,0,20,0,37,339.289978,702.67,2,41,48.7362137
10/24/2021 18:05:42,7.8125,10.9375,10.9375,4.6875,8.59375,1796.62659,1796.62659,1796.62659,1796.62659,199.625183,58.48847,4.06983948,2.888523,0,0,20,0,37,339.52,704.69,2,41,48.7362137
10/24/2021 18:05:43,7.8125,4.6875,3.125,7.8125,5.859375,1796.62732,1796.62732,1796.62732,1796.62732,199.625259,58.4882469,4.069824,2.88853836,0,0,20,0,37,340.669983,698.019958,2,41,48.7362137
10/24/2021 18:05:44,23.4375,20.3125,17.1875,7.8125,17.1875,1796.626,1796.626,1796.626,1796.626,199.625122,58.4753647,4.068928,2.88943481,0,0,20,0,37,339.669983,728.769958,2,41,48.7362137
10/24/2021 18:05:45,29.2307682,26.1538448,24.6153831,23.0769215,25.769228,1796.62744,1796.62744,1796.62744,1796.62744,199.625275,58.4815559,4.069359,2.88900375,0,0,20,0,38,339.37,856.16,2,41,48.7362137
10/24/2021 18:05:46,37.5,32.8125,35.9375,32.8125,34.765625,1796.62524,1796.62524,1796.62524,1796.62524,199.625031,58.48194,4.06938553,2.888977,0,0,20,0,38,339.43,790.01,2,41,48.7362137
10/24/2021 18:05:47,29.6875,37.5,23.4375,29.6875,30.078125,1796.62646,1796.62646,1796.62646,1796.62646,199.625168,58.48183,4.069378,2.88898468,0,0,20,0,38,364.8,763.32,4,41,48.7362137
10/24/2021 18:05:48,45.3125,37.5,39.0625,42.1875,41.015625,1796.62549,1796.62549,1796.62549,1796.62549,199.625061,58.60573,4.077999,2.88036346,0,0,20,0,38,405.9,777.73,7,41,48.7362137
10/24/2021 18:05:49,59.375,45.3125,53.125,56.25,53.515625,1796.62634,1796.62634,1796.62634,1796.62634,199.625153,58.6208038,4.079048,2.87931442,0,0,20,0,38,403.259979,796.24,9,41,48.7362137
